기업,종목코드,기간,기준일,항목,값,통화,값구분,출처,검산,라운드
Broadcom,AVGO,2010Q1,,분기별 매출액,미확인,,미확인,해당 라벨 보고서 없음,,1
Broadcom,AVGO,2010Q1,,분기별 영업이익,미확인,,미확인,해당 라벨 보고서 없음,,1
Broadcom,AVGO,2010Q1,,분기별 당기순이익(지배),미확인,,미확인,해당 라벨 보고서 없음,,1
Broadcom,AVGO,2010Q1,,분기별 영업활동현금흐름,미확인,,미확인,해당 라벨 보고서 없음,,1
Broadcom,AVGO,2010Q1,,분기말 자산총계,미확인,,미확인,해당 라벨 보고서 없음,,1
Broadcom,AVGO,2010Q1,,분기말 부채총계,미확인,,미확인,해당 라벨 보고서 없음,,1
Broadcom,AVGO,2010Q1,,분기말 총자본(자기자본),미확인,,미확인,해당 라벨 보고서 없음,,1
Broadcom,AVGO,2010Q1,,분기말 지배지분 자본,미확인,,미확인,해당 라벨 보고서 없음,,1
Broadcom,AVGO,2010Q1,,분기말 종가,미확인,,미확인,해당 라벨 보고서 없음,,1
Broadcom,AVGO,2010Q1,,분기말 상장주식수,미확인,,미확인,해당 라벨 보고서 없음,,1
Broadcom,AVGO,2010Q1,,분기말 시가총액,미확인,,미확인,해당 라벨 보고서 없음,,1
Broadcom,AVGO,2010Q2,,분기별 매출액,미확인,,미확인,해당 라벨 보고서 없음,,1
Broadcom,AVGO,2010Q2,,분기별 영업이익,미확인,,미확인,해당 라벨 보고서 없음,,1
Broadcom,AVGO,2010Q2,,분기별 당기순이익(지배),미확인,,미확인,해당 라벨 보고서 없음,,1
Broadcom,AVGO,2010Q2,,분기별 영업활동현금흐름,미확인,,미확인,해당 라벨 보고서 없음,,1
Broadcom,AVGO,2010Q2,,분기말 자산총계,미확인,,미확인,해당 라벨 보고서 없음,,1
Broadcom,AVGO,2010Q2,,분기말 부채총계,미확인,,미확인,해당 라벨 보고서 없음,,1
Broadcom,AVGO,2010Q2,,분기말 총자본(자기자본),미확인,,미확인,해당 라벨 보고서 없음,,1
Broadcom,AVGO,2010Q2,,분기말 지배지분 자본,미확인,,미확인,해당 라벨 보고서 없음,,1
Broadcom,AVGO,2010Q2,,분기말 종가,미확인,,미확인,해당 라벨 보고서 없음,,1
Broadcom,AVGO,2010Q2,,분기말 상장주식수,미확인,,미확인,해당 라벨 보고서 없음,,1
Broadcom,AVGO,2010Q2,,분기말 시가총액,미확인,,미확인,해당 라벨 보고서 없음,,1
Broadcom,AVGO,2010Q3,,분기별 매출액,미확인,,미확인,해당 라벨 보고서 없음,,1
Broadcom,AVGO,2010Q3,,분기별 영업이익,미확인,,미확인,해당 라벨 보고서 없음,,1
Broadcom,AVGO,2010Q3,,분기별 당기순이익(지배),미확인,,미확인,해당 라벨 보고서 없음,,1
Broadcom,AVGO,2010Q3,,분기별 영업활동현금흐름,미확인,,미확인,해당 라벨 보고서 없음,,1
Broadcom,AVGO,2010Q3,,분기말 자산총계,미확인,,미확인,해당 라벨 보고서 없음,,1
Broadcom,AVGO,2010Q3,,분기말 부채총계,미확인,,미확인,해당 라벨 보고서 없음,,1
Broadcom,AVGO,2010Q3,,분기말 총자본(자기자본),미확인,,미확인,해당 라벨 보고서 없음,,1
Broadcom,AVGO,2010Q3,,분기말 지배지분 자본,미확인,,미확인,해당 라벨 보고서 없음,,1
Broadcom,AVGO,2010Q3,,분기말 종가,미확인,,미확인,해당 라벨 보고서 없음,,1
Broadcom,AVGO,2010Q3,,분기말 상장주식수,미확인,,미확인,해당 라벨 보고서 없음,,1
Broadcom,AVGO,2010Q3,,분기말 시가총액,미확인,,미확인,해당 라벨 보고서 없음,,1
Broadcom,AVGO,2010Q4,,분기별 매출액,미확인,,미확인,해당 라벨 보고서 없음,,1
Broadcom,AVGO,2010Q4,,분기별 영업이익,미확인,,미확인,해당 라벨 보고서 없음,,1
Broadcom,AVGO,2010Q4,,분기별 당기순이익(지배),미확인,,미확인,해당 라벨 보고서 없음,,1
Broadcom,AVGO,2010Q4,,분기별 영업활동현금흐름,미확인,,미확인,해당 라벨 보고서 없음,,1
Broadcom,AVGO,2010Q4,,분기말 자산총계,미확인,,미확인,해당 라벨 보고서 없음,,1
Broadcom,AVGO,2010Q4,,분기말 부채총계,미확인,,미확인,해당 라벨 보고서 없음,,1
Broadcom,AVGO,2010Q4,,분기말 총자본(자기자본),미확인,,미확인,해당 라벨 보고서 없음,,1
Broadcom,AVGO,2010Q4,,분기말 지배지분 자본,미확인,,미확인,해당 라벨 보고서 없음,,1
Broadcom,AVGO,2010Q4,,분기말 종가,미확인,,미확인,해당 라벨 보고서 없음,,1
Broadcom,AVGO,2010Q4,,분기말 상장주식수,미확인,,미확인,해당 라벨 보고서 없음,,1
Broadcom,AVGO,2010Q4,,분기말 시가총액,미확인,,미확인,해당 라벨 보고서 없음,,1
Broadcom,AVGO,2011Q1,,분기별 매출액,미확인,,미확인,해당 라벨 보고서 없음,,1
Broadcom,AVGO,2011Q1,,분기별 영업이익,미확인,,미확인,해당 라벨 보고서 없음,,1
Broadcom,AVGO,2011Q1,,분기별 당기순이익(지배),미확인,,미확인,해당 라벨 보고서 없음,,1
Broadcom,AVGO,2011Q1,,분기별 영업활동현금흐름,미확인,,미확인,해당 라벨 보고서 없음,,1
Broadcom,AVGO,2011Q1,,분기말 자산총계,미확인,,미확인,해당 라벨 보고서 없음,,1
Broadcom,AVGO,2011Q1,,분기말 부채총계,미확인,,미확인,해당 라벨 보고서 없음,,1
Broadcom,AVGO,2011Q1,,분기말 총자본(자기자본),미확인,,미확인,해당 라벨 보고서 없음,,1
Broadcom,AVGO,2011Q1,,분기말 지배지분 자본,미확인,,미확인,해당 라벨 보고서 없음,,1
Broadcom,AVGO,2011Q1,,분기말 종가,미확인,,미확인,해당 라벨 보고서 없음,,1
Broadcom,AVGO,2011Q1,,분기말 상장주식수,미확인,,미확인,해당 라벨 보고서 없음,,1
Broadcom,AVGO,2011Q1,,분기말 시가총액,미확인,,미확인,해당 라벨 보고서 없음,,1
Broadcom,AVGO,2011Q2,,분기별 매출액,미확인,,미확인,해당 라벨 보고서 없음,,1
Broadcom,AVGO,2011Q2,,분기별 영업이익,미확인,,미확인,해당 라벨 보고서 없음,,1
Broadcom,AVGO,2011Q2,,분기별 당기순이익(지배),미확인,,미확인,해당 라벨 보고서 없음,,1
Broadcom,AVGO,2011Q2,,분기별 영업활동현금흐름,미확인,,미확인,해당 라벨 보고서 없음,,1
Broadcom,AVGO,2011Q2,,분기말 자산총계,미확인,,미확인,해당 라벨 보고서 없음,,1
Broadcom,AVGO,2011Q2,,분기말 부채총계,미확인,,미확인,해당 라벨 보고서 없음,,1
Broadcom,AVGO,2011Q2,,분기말 총자본(자기자본),미확인,,미확인,해당 라벨 보고서 없음,,1
Broadcom,AVGO,2011Q2,,분기말 지배지분 자본,미확인,,미확인,해당 라벨 보고서 없음,,1
Broadcom,AVGO,2011Q2,,분기말 종가,미확인,,미확인,해당 라벨 보고서 없음,,1
Broadcom,AVGO,2011Q2,,분기말 상장주식수,미확인,,미확인,해당 라벨 보고서 없음,,1
Broadcom,AVGO,2011Q2,,분기말 시가총액,미확인,,미확인,해당 라벨 보고서 없음,,1
Broadcom,AVGO,2011Q3,,분기별 매출액,미확인,,미확인,해당 라벨 보고서 없음,,1
Broadcom,AVGO,2011Q3,,분기별 영업이익,미확인,,미확인,해당 라벨 보고서 없음,,1
Broadcom,AVGO,2011Q3,,분기별 당기순이익(지배),미확인,,미확인,해당 라벨 보고서 없음,,1
Broadcom,AVGO,2011Q3,,분기별 영업활동현금흐름,미확인,,미확인,해당 라벨 보고서 없음,,1
Broadcom,AVGO,2011Q3,,분기말 자산총계,미확인,,미확인,해당 라벨 보고서 없음,,1
Broadcom,AVGO,2011Q3,,분기말 부채총계,미확인,,미확인,해당 라벨 보고서 없음,,1
Broadcom,AVGO,2011Q3,,분기말 총자본(자기자본),미확인,,미확인,해당 라벨 보고서 없음,,1
Broadcom,AVGO,2011Q3,,분기말 지배지분 자본,미확인,,미확인,해당 라벨 보고서 없음,,1
Broadcom,AVGO,2011Q3,,분기말 종가,미확인,,미확인,해당 라벨 보고서 없음,,1
Broadcom,AVGO,2011Q3,,분기말 상장주식수,미확인,,미확인,해당 라벨 보고서 없음,,1
Broadcom,AVGO,2011Q3,,분기말 시가총액,미확인,,미확인,해당 라벨 보고서 없음,,1
Broadcom,AVGO,2011Q4,,분기별 매출액,미확인,,미확인,해당 라벨 보고서 없음,,1
Broadcom,AVGO,2011Q4,,분기별 영업이익,미확인,,미확인,해당 라벨 보고서 없음,,1
Broadcom,AVGO,2011Q4,,분기별 당기순이익(지배),미확인,,미확인,해당 라벨 보고서 없음,,1
Broadcom,AVGO,2011Q4,,분기별 영업활동현금흐름,미확인,,미확인,해당 라벨 보고서 없음,,1
Broadcom,AVGO,2011Q4,,분기말 자산총계,미확인,,미확인,해당 라벨 보고서 없음,,1
Broadcom,AVGO,2011Q4,,분기말 부채총계,미확인,,미확인,해당 라벨 보고서 없음,,1
Broadcom,AVGO,2011Q4,,분기말 총자본(자기자본),미확인,,미확인,해당 라벨 보고서 없음,,1
Broadcom,AVGO,2011Q4,,분기말 지배지분 자본,미확인,,미확인,해당 라벨 보고서 없음,,1
Broadcom,AVGO,2011Q4,,분기말 종가,미확인,,미확인,해당 라벨 보고서 없음,,1
Broadcom,AVGO,2011Q4,,분기말 상장주식수,미확인,,미확인,해당 라벨 보고서 없음,,1
Broadcom,AVGO,2011Q4,,분기말 시가총액,미확인,,미확인,해당 라벨 보고서 없음,,1
Broadcom,AVGO,2012Q1,,분기별 매출액,미확인,,미확인,해당 라벨 보고서 없음,,1
Broadcom,AVGO,2012Q1,,분기별 영업이익,미확인,,미확인,해당 라벨 보고서 없음,,1
Broadcom,AVGO,2012Q1,,분기별 당기순이익(지배),미확인,,미확인,해당 라벨 보고서 없음,,1
Broadcom,AVGO,2012Q1,,분기별 영업활동현금흐름,미확인,,미확인,해당 라벨 보고서 없음,,1
Broadcom,AVGO,2012Q1,,분기말 자산총계,미확인,,미확인,해당 라벨 보고서 없음,,1
Broadcom,AVGO,2012Q1,,분기말 부채총계,미확인,,미확인,해당 라벨 보고서 없음,,1
Broadcom,AVGO,2012Q1,,분기말 총자본(자기자본),미확인,,미확인,해당 라벨 보고서 없음,,1
Broadcom,AVGO,2012Q1,,분기말 지배지분 자본,미확인,,미확인,해당 라벨 보고서 없음,,1
Broadcom,AVGO,2012Q1,,분기말 종가,미확인,,미확인,해당 라벨 보고서 없음,,1
Broadcom,AVGO,2012Q1,,분기말 상장주식수,미확인,,미확인,해당 라벨 보고서 없음,,1
Broadcom,AVGO,2012Q1,,분기말 시가총액,미확인,,미확인,해당 라벨 보고서 없음,,1
Broadcom,AVGO,2012Q2,,분기별 매출액,미확인,,미확인,해당 라벨 보고서 없음,,1
Broadcom,AVGO,2012Q2,,분기별 영업이익,미확인,,미확인,해당 라벨 보고서 없음,,1
Broadcom,AVGO,2012Q2,,분기별 당기순이익(지배),미확인,,미확인,해당 라벨 보고서 없음,,1
Broadcom,AVGO,2012Q2,,분기별 영업활동현금흐름,미확인,,미확인,해당 라벨 보고서 없음,,1
Broadcom,AVGO,2012Q2,,분기말 자산총계,미확인,,미확인,해당 라벨 보고서 없음,,1
Broadcom,AVGO,2012Q2,,분기말 부채총계,미확인,,미확인,해당 라벨 보고서 없음,,1
Broadcom,AVGO,2012Q2,,분기말 총자본(자기자본),미확인,,미확인,해당 라벨 보고서 없음,,1
Broadcom,AVGO,2012Q2,,분기말 지배지분 자본,미확인,,미확인,해당 라벨 보고서 없음,,1
Broadcom,AVGO,2012Q2,,분기말 종가,미확인,,미확인,해당 라벨 보고서 없음,,1
Broadcom,AVGO,2012Q2,,분기말 상장주식수,미확인,,미확인,해당 라벨 보고서 없음,,1
Broadcom,AVGO,2012Q2,,분기말 시가총액,미확인,,미확인,해당 라벨 보고서 없음,,1
Broadcom,AVGO,2012Q3,,분기별 매출액,미확인,,미확인,해당 라벨 보고서 없음,,1
Broadcom,AVGO,2012Q3,,분기별 영업이익,미확인,,미확인,해당 라벨 보고서 없음,,1
Broadcom,AVGO,2012Q3,,분기별 당기순이익(지배),미확인,,미확인,해당 라벨 보고서 없음,,1
Broadcom,AVGO,2012Q3,,분기별 영업활동현금흐름,미확인,,미확인,해당 라벨 보고서 없음,,1
Broadcom,AVGO,2012Q3,,분기말 자산총계,미확인,,미확인,해당 라벨 보고서 없음,,1
Broadcom,AVGO,2012Q3,,분기말 부채총계,미확인,,미확인,해당 라벨 보고서 없음,,1
Broadcom,AVGO,2012Q3,,분기말 총자본(자기자본),미확인,,미확인,해당 라벨 보고서 없음,,1
Broadcom,AVGO,2012Q3,,분기말 지배지분 자본,미확인,,미확인,해당 라벨 보고서 없음,,1
Broadcom,AVGO,2012Q3,,분기말 종가,미확인,,미확인,해당 라벨 보고서 없음,,1
Broadcom,AVGO,2012Q3,,분기말 상장주식수,미확인,,미확인,해당 라벨 보고서 없음,,1
Broadcom,AVGO,2012Q3,,분기말 시가총액,미확인,,미확인,해당 라벨 보고서 없음,,1
Broadcom,AVGO,2012Q4,,분기별 매출액,미확인,,미확인,해당 라벨 보고서 없음,,1
Broadcom,AVGO,2012Q4,,분기별 영업이익,미확인,,미확인,해당 라벨 보고서 없음,,1
Broadcom,AVGO,2012Q4,,분기별 당기순이익(지배),미확인,,미확인,해당 라벨 보고서 없음,,1
Broadcom,AVGO,2012Q4,,분기별 영업활동현금흐름,미확인,,미확인,해당 라벨 보고서 없음,,1
Broadcom,AVGO,2012Q4,,분기말 자산총계,미확인,,미확인,해당 라벨 보고서 없음,,1
Broadcom,AVGO,2012Q4,,분기말 부채총계,미확인,,미확인,해당 라벨 보고서 없음,,1
Broadcom,AVGO,2012Q4,,분기말 총자본(자기자본),미확인,,미확인,해당 라벨 보고서 없음,,1
Broadcom,AVGO,2012Q4,,분기말 지배지분 자본,미확인,,미확인,해당 라벨 보고서 없음,,1
Broadcom,AVGO,2012Q4,,분기말 종가,미확인,,미확인,해당 라벨 보고서 없음,,1
Broadcom,AVGO,2012Q4,,분기말 상장주식수,미확인,,미확인,해당 라벨 보고서 없음,,1
Broadcom,AVGO,2012Q4,,분기말 시가총액,미확인,,미확인,해당 라벨 보고서 없음,,1
Broadcom,AVGO,2013Q1,,분기별 매출액,미확인,,미확인,해당 라벨 보고서 없음,,1
Broadcom,AVGO,2013Q1,,분기별 영업이익,미확인,,미확인,해당 라벨 보고서 없음,,1
Broadcom,AVGO,2013Q1,,분기별 당기순이익(지배),미확인,,미확인,해당 라벨 보고서 없음,,1
Broadcom,AVGO,2013Q1,,분기별 영업활동현금흐름,미확인,,미확인,해당 라벨 보고서 없음,,1
Broadcom,AVGO,2013Q1,,분기말 자산총계,미확인,,미확인,해당 라벨 보고서 없음,,1
Broadcom,AVGO,2013Q1,,분기말 부채총계,미확인,,미확인,해당 라벨 보고서 없음,,1
Broadcom,AVGO,2013Q1,,분기말 총자본(자기자본),미확인,,미확인,해당 라벨 보고서 없음,,1
Broadcom,AVGO,2013Q1,,분기말 지배지분 자본,미확인,,미확인,해당 라벨 보고서 없음,,1
Broadcom,AVGO,2013Q1,,분기말 종가,미확인,,미확인,해당 라벨 보고서 없음,,1
Broadcom,AVGO,2013Q1,,분기말 상장주식수,미확인,,미확인,해당 라벨 보고서 없음,,1
Broadcom,AVGO,2013Q1,,분기말 시가총액,미확인,,미확인,해당 라벨 보고서 없음,,1
Broadcom,AVGO,2013Q2,,분기별 매출액,미확인,,미확인,해당 라벨 보고서 없음,,1
Broadcom,AVGO,2013Q2,,분기별 영업이익,미확인,,미확인,해당 라벨 보고서 없음,,1
Broadcom,AVGO,2013Q2,,분기별 당기순이익(지배),미확인,,미확인,해당 라벨 보고서 없음,,1
Broadcom,AVGO,2013Q2,,분기별 영업활동현금흐름,미확인,,미확인,해당 라벨 보고서 없음,,1
Broadcom,AVGO,2013Q2,,분기말 자산총계,미확인,,미확인,해당 라벨 보고서 없음,,1
Broadcom,AVGO,2013Q2,,분기말 부채총계,미확인,,미확인,해당 라벨 보고서 없음,,1
Broadcom,AVGO,2013Q2,,분기말 총자본(자기자본),미확인,,미확인,해당 라벨 보고서 없음,,1
Broadcom,AVGO,2013Q2,,분기말 지배지분 자본,미확인,,미확인,해당 라벨 보고서 없음,,1
Broadcom,AVGO,2013Q2,,분기말 종가,미확인,,미확인,해당 라벨 보고서 없음,,1
Broadcom,AVGO,2013Q2,,분기말 상장주식수,미확인,,미확인,해당 라벨 보고서 없음,,1
Broadcom,AVGO,2013Q2,,분기말 시가총액,미확인,,미확인,해당 라벨 보고서 없음,,1
Broadcom,AVGO,2013Q3,,분기별 매출액,미확인,,미확인,해당 라벨 보고서 없음,,1
Broadcom,AVGO,2013Q3,,분기별 영업이익,미확인,,미확인,해당 라벨 보고서 없음,,1
Broadcom,AVGO,2013Q3,,분기별 당기순이익(지배),미확인,,미확인,해당 라벨 보고서 없음,,1
Broadcom,AVGO,2013Q3,,분기별 영업활동현금흐름,미확인,,미확인,해당 라벨 보고서 없음,,1
Broadcom,AVGO,2013Q3,,분기말 자산총계,미확인,,미확인,해당 라벨 보고서 없음,,1
Broadcom,AVGO,2013Q3,,분기말 부채총계,미확인,,미확인,해당 라벨 보고서 없음,,1
Broadcom,AVGO,2013Q3,,분기말 총자본(자기자본),미확인,,미확인,해당 라벨 보고서 없음,,1
Broadcom,AVGO,2013Q3,,분기말 지배지분 자본,미확인,,미확인,해당 라벨 보고서 없음,,1
Broadcom,AVGO,2013Q3,,분기말 종가,미확인,,미확인,해당 라벨 보고서 없음,,1
Broadcom,AVGO,2013Q3,,분기말 상장주식수,미확인,,미확인,해당 라벨 보고서 없음,,1
Broadcom,AVGO,2013Q3,,분기말 시가총액,미확인,,미확인,해당 라벨 보고서 없음,,1
Broadcom,AVGO,2013Q4,,분기별 매출액,미확인,,미확인,해당 라벨 보고서 없음,,1
Broadcom,AVGO,2013Q4,,분기별 영업이익,미확인,,미확인,해당 라벨 보고서 없음,,1
Broadcom,AVGO,2013Q4,,분기별 당기순이익(지배),미확인,,미확인,해당 라벨 보고서 없음,,1
Broadcom,AVGO,2013Q4,,분기별 영업활동현금흐름,미확인,,미확인,해당 라벨 보고서 없음,,1
Broadcom,AVGO,2013Q4,,분기말 자산총계,미확인,,미확인,해당 라벨 보고서 없음,,1
Broadcom,AVGO,2013Q4,,분기말 부채총계,미확인,,미확인,해당 라벨 보고서 없음,,1
Broadcom,AVGO,2013Q4,,분기말 총자본(자기자본),미확인,,미확인,해당 라벨 보고서 없음,,1
Broadcom,AVGO,2013Q4,,분기말 지배지분 자본,미확인,,미확인,해당 라벨 보고서 없음,,1
Broadcom,AVGO,2013Q4,,분기말 종가,미확인,,미확인,해당 라벨 보고서 없음,,1
Broadcom,AVGO,2013Q4,,분기말 상장주식수,미확인,,미확인,해당 라벨 보고서 없음,,1
Broadcom,AVGO,2013Q4,,분기말 시가총액,미확인,,미확인,해당 라벨 보고서 없음,,1
Broadcom,AVGO,2014Q1,,분기별 매출액,미확인,,미확인,해당 라벨 보고서 없음,,1
Broadcom,AVGO,2014Q1,,분기별 영업이익,미확인,,미확인,해당 라벨 보고서 없음,,1
Broadcom,AVGO,2014Q1,,분기별 당기순이익(지배),미확인,,미확인,해당 라벨 보고서 없음,,1
Broadcom,AVGO,2014Q1,,분기별 영업활동현금흐름,미확인,,미확인,해당 라벨 보고서 없음,,1
Broadcom,AVGO,2014Q1,,분기말 자산총계,미확인,,미확인,해당 라벨 보고서 없음,,1
Broadcom,AVGO,2014Q1,,분기말 부채총계,미확인,,미확인,해당 라벨 보고서 없음,,1
Broadcom,AVGO,2014Q1,,분기말 총자본(자기자본),미확인,,미확인,해당 라벨 보고서 없음,,1
Broadcom,AVGO,2014Q1,,분기말 지배지분 자본,미확인,,미확인,해당 라벨 보고서 없음,,1
Broadcom,AVGO,2014Q1,,분기말 종가,미확인,,미확인,해당 라벨 보고서 없음,,1
Broadcom,AVGO,2014Q1,,분기말 상장주식수,미확인,,미확인,해당 라벨 보고서 없음,,1
Broadcom,AVGO,2014Q1,,분기말 시가총액,미확인,,미확인,해당 라벨 보고서 없음,,1
Broadcom,AVGO,2014Q2,,분기별 매출액,미확인,,미확인,해당 라벨 보고서 없음,,1
Broadcom,AVGO,2014Q2,,분기별 영업이익,미확인,,미확인,해당 라벨 보고서 없음,,1
Broadcom,AVGO,2014Q2,,분기별 당기순이익(지배),미확인,,미확인,해당 라벨 보고서 없음,,1
Broadcom,AVGO,2014Q2,,분기별 영업활동현금흐름,미확인,,미확인,해당 라벨 보고서 없음,,1
Broadcom,AVGO,2014Q2,,분기말 자산총계,미확인,,미확인,해당 라벨 보고서 없음,,1
Broadcom,AVGO,2014Q2,,분기말 부채총계,미확인,,미확인,해당 라벨 보고서 없음,,1
Broadcom,AVGO,2014Q2,,분기말 총자본(자기자본),미확인,,미확인,해당 라벨 보고서 없음,,1
Broadcom,AVGO,2014Q2,,분기말 지배지분 자본,미확인,,미확인,해당 라벨 보고서 없음,,1
Broadcom,AVGO,2014Q2,,분기말 종가,미확인,,미확인,해당 라벨 보고서 없음,,1
Broadcom,AVGO,2014Q2,,분기말 상장주식수,미확인,,미확인,해당 라벨 보고서 없음,,1
Broadcom,AVGO,2014Q2,,분기말 시가총액,미확인,,미확인,해당 라벨 보고서 없음,,1
Broadcom,AVGO,2014Q3,,분기별 매출액,미확인,,미확인,해당 라벨 보고서 없음,,1
Broadcom,AVGO,2014Q3,,분기별 영업이익,미확인,,미확인,해당 라벨 보고서 없음,,1
Broadcom,AVGO,2014Q3,,분기별 당기순이익(지배),미확인,,미확인,해당 라벨 보고서 없음,,1
Broadcom,AVGO,2014Q3,,분기별 영업활동현금흐름,미확인,,미확인,해당 라벨 보고서 없음,,1
Broadcom,AVGO,2014Q3,,분기말 자산총계,미확인,,미확인,해당 라벨 보고서 없음,,1
Broadcom,AVGO,2014Q3,,분기말 부채총계,미확인,,미확인,해당 라벨 보고서 없음,,1
Broadcom,AVGO,2014Q3,,분기말 총자본(자기자본),미확인,,미확인,해당 라벨 보고서 없음,,1
Broadcom,AVGO,2014Q3,,분기말 지배지분 자본,미확인,,미확인,해당 라벨 보고서 없음,,1
Broadcom,AVGO,2014Q3,,분기말 종가,미확인,,미확인,해당 라벨 보고서 없음,,1
Broadcom,AVGO,2014Q3,,분기말 상장주식수,미확인,,미확인,해당 라벨 보고서 없음,,1
Broadcom,AVGO,2014Q3,,분기말 시가총액,미확인,,미확인,해당 라벨 보고서 없음,,1
Broadcom,AVGO,2014Q4,,분기별 매출액,미확인,,미확인,해당 라벨 보고서 없음,,1
Broadcom,AVGO,2014Q4,,분기별 영업이익,미확인,,미확인,해당 라벨 보고서 없음,,1
Broadcom,AVGO,2014Q4,,분기별 당기순이익(지배),미확인,,미확인,해당 라벨 보고서 없음,,1
Broadcom,AVGO,2014Q4,,분기별 영업활동현금흐름,미확인,,미확인,해당 라벨 보고서 없음,,1
Broadcom,AVGO,2014Q4,,분기말 자산총계,미확인,,미확인,해당 라벨 보고서 없음,,1
Broadcom,AVGO,2014Q4,,분기말 부채총계,미확인,,미확인,해당 라벨 보고서 없음,,1
Broadcom,AVGO,2014Q4,,분기말 총자본(자기자본),미확인,,미확인,해당 라벨 보고서 없음,,1
Broadcom,AVGO,2014Q4,,분기말 지배지분 자본,미확인,,미확인,해당 라벨 보고서 없음,,1
Broadcom,AVGO,2014Q4,,분기말 종가,미확인,,미확인,해당 라벨 보고서 없음,,1
Broadcom,AVGO,2014Q4,,분기말 상장주식수,미확인,,미확인,해당 라벨 보고서 없음,,1
Broadcom,AVGO,2014Q4,,분기말 시가총액,미확인,,미확인,해당 라벨 보고서 없음,,1
Broadcom,AVGO,2015Q1,,분기별 매출액,미확인,,미확인,해당 라벨 보고서 없음,,1
Broadcom,AVGO,2015Q1,,분기별 영업이익,미확인,,미확인,해당 라벨 보고서 없음,,1
Broadcom,AVGO,2015Q1,,분기별 당기순이익(지배),미확인,,미확인,해당 라벨 보고서 없음,,1
Broadcom,AVGO,2015Q1,,분기별 영업활동현금흐름,미확인,,미확인,해당 라벨 보고서 없음,,1
Broadcom,AVGO,2015Q1,,분기말 자산총계,미확인,,미확인,해당 라벨 보고서 없음,,1
Broadcom,AVGO,2015Q1,,분기말 부채총계,미확인,,미확인,해당 라벨 보고서 없음,,1
Broadcom,AVGO,2015Q1,,분기말 총자본(자기자본),미확인,,미확인,해당 라벨 보고서 없음,,1
Broadcom,AVGO,2015Q1,,분기말 지배지분 자본,미확인,,미확인,해당 라벨 보고서 없음,,1
Broadcom,AVGO,2015Q1,,분기말 종가,미확인,,미확인,해당 라벨 보고서 없음,,1
Broadcom,AVGO,2015Q1,,분기말 상장주식수,미확인,,미확인,해당 라벨 보고서 없음,,1
Broadcom,AVGO,2015Q1,,분기말 시가총액,미확인,,미확인,해당 라벨 보고서 없음,,1
Broadcom,AVGO,2015Q2,,분기별 매출액,미확인,,미확인,해당 라벨 보고서 없음,,1
Broadcom,AVGO,2015Q2,,분기별 영업이익,미확인,,미확인,해당 라벨 보고서 없음,,1
Broadcom,AVGO,2015Q2,,분기별 당기순이익(지배),미확인,,미확인,해당 라벨 보고서 없음,,1
Broadcom,AVGO,2015Q2,,분기별 영업활동현금흐름,미확인,,미확인,해당 라벨 보고서 없음,,1
Broadcom,AVGO,2015Q2,,분기말 자산총계,미확인,,미확인,해당 라벨 보고서 없음,,1
Broadcom,AVGO,2015Q2,,분기말 부채총계,미확인,,미확인,해당 라벨 보고서 없음,,1
Broadcom,AVGO,2015Q2,,분기말 총자본(자기자본),미확인,,미확인,해당 라벨 보고서 없음,,1
Broadcom,AVGO,2015Q2,,분기말 지배지분 자본,미확인,,미확인,해당 라벨 보고서 없음,,1
Broadcom,AVGO,2015Q2,,분기말 종가,미확인,,미확인,해당 라벨 보고서 없음,,1
Broadcom,AVGO,2015Q2,,분기말 상장주식수,미확인,,미확인,해당 라벨 보고서 없음,,1
Broadcom,AVGO,2015Q2,,분기말 시가총액,미확인,,미확인,해당 라벨 보고서 없음,,1
Broadcom,AVGO,2015Q3,,분기별 매출액,미확인,,미확인,해당 라벨 보고서 없음,,1
Broadcom,AVGO,2015Q3,,분기별 영업이익,미확인,,미확인,해당 라벨 보고서 없음,,1
Broadcom,AVGO,2015Q3,,분기별 당기순이익(지배),미확인,,미확인,해당 라벨 보고서 없음,,1
Broadcom,AVGO,2015Q3,,분기별 영업활동현금흐름,미확인,,미확인,해당 라벨 보고서 없음,,1
Broadcom,AVGO,2015Q3,,분기말 자산총계,미확인,,미확인,해당 라벨 보고서 없음,,1
Broadcom,AVGO,2015Q3,,분기말 부채총계,미확인,,미확인,해당 라벨 보고서 없음,,1
Broadcom,AVGO,2015Q3,,분기말 총자본(자기자본),미확인,,미확인,해당 라벨 보고서 없음,,1
Broadcom,AVGO,2015Q3,,분기말 지배지분 자본,미확인,,미확인,해당 라벨 보고서 없음,,1
Broadcom,AVGO,2015Q3,,분기말 종가,미확인,,미확인,해당 라벨 보고서 없음,,1
Broadcom,AVGO,2015Q3,,분기말 상장주식수,미확인,,미확인,해당 라벨 보고서 없음,,1
Broadcom,AVGO,2015Q3,,분기말 시가총액,미확인,,미확인,해당 라벨 보고서 없음,,1
Broadcom,AVGO,2015Q4,,분기별 매출액,미확인,,미확인,해당 라벨 보고서 없음,,1
Broadcom,AVGO,2015Q4,,분기별 영업이익,미확인,,미확인,해당 라벨 보고서 없음,,1
Broadcom,AVGO,2015Q4,,분기별 당기순이익(지배),미확인,,미확인,해당 라벨 보고서 없음,,1
Broadcom,AVGO,2015Q4,,분기별 영업활동현금흐름,미확인,,미확인,해당 라벨 보고서 없음,,1
Broadcom,AVGO,2015Q4,,분기말 자산총계,미확인,,미확인,해당 라벨 보고서 없음,,1
Broadcom,AVGO,2015Q4,,분기말 부채총계,미확인,,미확인,해당 라벨 보고서 없음,,1
Broadcom,AVGO,2015Q4,,분기말 총자본(자기자본),미확인,,미확인,해당 라벨 보고서 없음,,1
Broadcom,AVGO,2015Q4,,분기말 지배지분 자본,미확인,,미확인,해당 라벨 보고서 없음,,1
Broadcom,AVGO,2015Q4,,분기말 종가,미확인,,미확인,해당 라벨 보고서 없음,,1
Broadcom,AVGO,2015Q4,,분기말 상장주식수,미확인,,미확인,해당 라벨 보고서 없음,,1
Broadcom,AVGO,2015Q4,,분기말 시가총액,미확인,,미확인,해당 라벨 보고서 없음,,1
Broadcom,AVGO,2016Q1,,분기별 매출액,미확인,,미확인,해당 라벨 보고서 없음,,1
Broadcom,AVGO,2016Q1,,분기별 영업이익,미확인,,미확인,해당 라벨 보고서 없음,,1
Broadcom,AVGO,2016Q1,,분기별 당기순이익(지배),미확인,,미확인,해당 라벨 보고서 없음,,1
Broadcom,AVGO,2016Q1,,분기별 영업활동현금흐름,미확인,,미확인,해당 라벨 보고서 없음,,1
Broadcom,AVGO,2016Q1,,분기말 자산총계,미확인,,미확인,해당 라벨 보고서 없음,,1
Broadcom,AVGO,2016Q1,,분기말 부채총계,미확인,,미확인,해당 라벨 보고서 없음,,1
Broadcom,AVGO,2016Q1,,분기말 총자본(자기자본),미확인,,미확인,해당 라벨 보고서 없음,,1
Broadcom,AVGO,2016Q1,,분기말 지배지분 자본,미확인,,미확인,해당 라벨 보고서 없음,,1
Broadcom,AVGO,2016Q1,,분기말 종가,미확인,,미확인,해당 라벨 보고서 없음,,1
Broadcom,AVGO,2016Q1,,분기말 상장주식수,미확인,,미확인,해당 라벨 보고서 없음,,1
Broadcom,AVGO,2016Q1,,분기말 시가총액,미확인,,미확인,해당 라벨 보고서 없음,,1
Broadcom,AVGO,2016Q2,,분기별 매출액,미확인,,미확인,해당 라벨 보고서 없음,,1
Broadcom,AVGO,2016Q2,,분기별 영업이익,미확인,,미확인,해당 라벨 보고서 없음,,1
Broadcom,AVGO,2016Q2,,분기별 당기순이익(지배),미확인,,미확인,해당 라벨 보고서 없음,,1
Broadcom,AVGO,2016Q2,,분기별 영업활동현금흐름,미확인,,미확인,해당 라벨 보고서 없음,,1
Broadcom,AVGO,2016Q2,,분기말 자산총계,미확인,,미확인,해당 라벨 보고서 없음,,1
Broadcom,AVGO,2016Q2,,분기말 부채총계,미확인,,미확인,해당 라벨 보고서 없음,,1
Broadcom,AVGO,2016Q2,,분기말 총자본(자기자본),미확인,,미확인,해당 라벨 보고서 없음,,1
Broadcom,AVGO,2016Q2,,분기말 지배지분 자본,미확인,,미확인,해당 라벨 보고서 없음,,1
Broadcom,AVGO,2016Q2,,분기말 종가,미확인,,미확인,해당 라벨 보고서 없음,,1
Broadcom,AVGO,2016Q2,,분기말 상장주식수,미확인,,미확인,해당 라벨 보고서 없음,,1
Broadcom,AVGO,2016Q2,,분기말 시가총액,미확인,,미확인,해당 라벨 보고서 없음,,1
Broadcom,AVGO,2016Q3,,분기별 매출액,미확인,,미확인,해당 라벨 보고서 없음,,1
Broadcom,AVGO,2016Q3,,분기별 영업이익,미확인,,미확인,해당 라벨 보고서 없음,,1
Broadcom,AVGO,2016Q3,,분기별 당기순이익(지배),미확인,,미확인,해당 라벨 보고서 없음,,1
Broadcom,AVGO,2016Q3,,분기별 영업활동현금흐름,미확인,,미확인,해당 라벨 보고서 없음,,1
Broadcom,AVGO,2016Q3,,분기말 자산총계,미확인,,미확인,해당 라벨 보고서 없음,,1
Broadcom,AVGO,2016Q3,,분기말 부채총계,미확인,,미확인,해당 라벨 보고서 없음,,1
Broadcom,AVGO,2016Q3,,분기말 총자본(자기자본),미확인,,미확인,해당 라벨 보고서 없음,,1
Broadcom,AVGO,2016Q3,,분기말 지배지분 자본,미확인,,미확인,해당 라벨 보고서 없음,,1
Broadcom,AVGO,2016Q3,,분기말 종가,미확인,,미확인,해당 라벨 보고서 없음,,1
Broadcom,AVGO,2016Q3,,분기말 상장주식수,미확인,,미확인,해당 라벨 보고서 없음,,1
Broadcom,AVGO,2016Q3,,분기말 시가총액,미확인,,미확인,해당 라벨 보고서 없음,,1
Broadcom,AVGO,2016Q4,,분기별 매출액,미확인,,미확인,해당 라벨 보고서 없음,,1
Broadcom,AVGO,2016Q4,,분기별 영업이익,미확인,,미확인,해당 라벨 보고서 없음,,1
Broadcom,AVGO,2016Q4,,분기별 당기순이익(지배),미확인,,미확인,해당 라벨 보고서 없음,,1
Broadcom,AVGO,2016Q4,,분기별 영업활동현금흐름,미확인,,미확인,해당 라벨 보고서 없음,,1
Broadcom,AVGO,2016Q4,,분기말 자산총계,미확인,,미확인,해당 라벨 보고서 없음,,1
Broadcom,AVGO,2016Q4,,분기말 부채총계,미확인,,미확인,해당 라벨 보고서 없음,,1
Broadcom,AVGO,2016Q4,,분기말 총자본(자기자본),미확인,,미확인,해당 라벨 보고서 없음,,1
Broadcom,AVGO,2016Q4,,분기말 지배지분 자본,미확인,,미확인,해당 라벨 보고서 없음,,1
Broadcom,AVGO,2016Q4,,분기말 종가,미확인,,미확인,해당 라벨 보고서 없음,,1
Broadcom,AVGO,2016Q4,,분기말 상장주식수,미확인,,미확인,해당 라벨 보고서 없음,,1
Broadcom,AVGO,2016Q4,,분기말 시가총액,미확인,,미확인,해당 라벨 보고서 없음,,1
Broadcom,AVGO,2017Q1,,분기별 매출액,미확인,,미확인,해당 라벨 보고서 없음,,1
Broadcom,AVGO,2017Q1,,분기별 영업이익,미확인,,미확인,해당 라벨 보고서 없음,,1
Broadcom,AVGO,2017Q1,,분기별 당기순이익(지배),미확인,,미확인,해당 라벨 보고서 없음,,1
Broadcom,AVGO,2017Q1,,분기별 영업활동현금흐름,미확인,,미확인,해당 라벨 보고서 없음,,1
Broadcom,AVGO,2017Q1,,분기말 자산총계,미확인,,미확인,해당 라벨 보고서 없음,,1
Broadcom,AVGO,2017Q1,,분기말 부채총계,미확인,,미확인,해당 라벨 보고서 없음,,1
Broadcom,AVGO,2017Q1,,분기말 총자본(자기자본),미확인,,미확인,해당 라벨 보고서 없음,,1
Broadcom,AVGO,2017Q1,,분기말 지배지분 자본,미확인,,미확인,해당 라벨 보고서 없음,,1
Broadcom,AVGO,2017Q1,,분기말 종가,미확인,,미확인,해당 라벨 보고서 없음,,1
Broadcom,AVGO,2017Q1,,분기말 상장주식수,미확인,,미확인,해당 라벨 보고서 없음,,1
Broadcom,AVGO,2017Q1,,분기말 시가총액,미확인,,미확인,해당 라벨 보고서 없음,,1
Broadcom,AVGO,2017Q2,,분기별 매출액,미확인,,미확인,해당 라벨 보고서 없음,,1
Broadcom,AVGO,2017Q2,,분기별 영업이익,미확인,,미확인,해당 라벨 보고서 없음,,1
Broadcom,AVGO,2017Q2,,분기별 당기순이익(지배),미확인,,미확인,해당 라벨 보고서 없음,,1
Broadcom,AVGO,2017Q2,,분기별 영업활동현금흐름,미확인,,미확인,해당 라벨 보고서 없음,,1
Broadcom,AVGO,2017Q2,,분기말 자산총계,미확인,,미확인,해당 라벨 보고서 없음,,1
Broadcom,AVGO,2017Q2,,분기말 부채총계,미확인,,미확인,해당 라벨 보고서 없음,,1
Broadcom,AVGO,2017Q2,,분기말 총자본(자기자본),미확인,,미확인,해당 라벨 보고서 없음,,1
Broadcom,AVGO,2017Q2,,분기말 지배지분 자본,미확인,,미확인,해당 라벨 보고서 없음,,1
Broadcom,AVGO,2017Q2,,분기말 종가,미확인,,미확인,해당 라벨 보고서 없음,,1
Broadcom,AVGO,2017Q2,,분기말 상장주식수,미확인,,미확인,해당 라벨 보고서 없음,,1
Broadcom,AVGO,2017Q2,,분기말 시가총액,미확인,,미확인,해당 라벨 보고서 없음,,1
Broadcom,AVGO,2017Q3,,분기별 매출액,미확인,,미확인,해당 라벨 보고서 없음,,1
Broadcom,AVGO,2017Q3,,분기별 영업이익,미확인,,미확인,해당 라벨 보고서 없음,,1
Broadcom,AVGO,2017Q3,,분기별 당기순이익(지배),미확인,,미확인,해당 라벨 보고서 없음,,1
Broadcom,AVGO,2017Q3,,분기별 영업활동현금흐름,미확인,,미확인,해당 라벨 보고서 없음,,1
Broadcom,AVGO,2017Q3,,분기말 자산총계,미확인,,미확인,해당 라벨 보고서 없음,,1
Broadcom,AVGO,2017Q3,,분기말 부채총계,미확인,,미확인,해당 라벨 보고서 없음,,1
Broadcom,AVGO,2017Q3,,분기말 총자본(자기자본),미확인,,미확인,해당 라벨 보고서 없음,,1
Broadcom,AVGO,2017Q3,,분기말 지배지분 자본,미확인,,미확인,해당 라벨 보고서 없음,,1
Broadcom,AVGO,2017Q3,,분기말 종가,미확인,,미확인,해당 라벨 보고서 없음,,1
Broadcom,AVGO,2017Q3,,분기말 상장주식수,미확인,,미확인,해당 라벨 보고서 없음,,1
Broadcom,AVGO,2017Q3,,분기말 시가총액,미확인,,미확인,해당 라벨 보고서 없음,,1
Broadcom,AVGO,2017Q4,,분기별 매출액,미확인,,미확인,해당 라벨 보고서 없음,,1
Broadcom,AVGO,2017Q4,,분기별 영업이익,미확인,,미확인,해당 라벨 보고서 없음,,1
Broadcom,AVGO,2017Q4,,분기별 당기순이익(지배),미확인,,미확인,해당 라벨 보고서 없음,,1
Broadcom,AVGO,2017Q4,,분기별 영업활동현금흐름,미확인,,미확인,해당 라벨 보고서 없음,,1
Broadcom,AVGO,2017Q4,,분기말 자산총계,미확인,,미확인,해당 라벨 보고서 없음,,1
Broadcom,AVGO,2017Q4,,분기말 부채총계,미확인,,미확인,해당 라벨 보고서 없음,,1
Broadcom,AVGO,2017Q4,,분기말 총자본(자기자본),미확인,,미확인,해당 라벨 보고서 없음,,1
Broadcom,AVGO,2017Q4,,분기말 지배지분 자본,미확인,,미확인,해당 라벨 보고서 없음,,1
Broadcom,AVGO,2017Q4,,분기말 종가,미확인,,미확인,해당 라벨 보고서 없음,,1
Broadcom,AVGO,2017Q4,,분기말 상장주식수,미확인,,미확인,해당 라벨 보고서 없음,,1
Broadcom,AVGO,2017Q4,,분기말 시가총액,미확인,,미확인,해당 라벨 보고서 없음,,1
Broadcom,AVGO,2018Q1,2018-05-06,분기별 매출액,5014000000,USD,공시,https://www.sec.gov/Archives/edgar/data/1730168/000173016818000019/,,1
Broadcom,AVGO,2018Q1,2018-05-06,분기별 영업이익,1201000000,USD,공시,https://www.sec.gov/Archives/edgar/data/1730168/000173016818000019/,,1
Broadcom,AVGO,2018Q1,2018-05-06,분기별 당기순이익(지배),3718000000,USD,공시,https://www.sec.gov/Archives/edgar/data/1730168/000173016818000019/,,1
Broadcom,AVGO,2018Q1,2018-05-06,분기별 영업활동현금흐름,데이터 없음(직전 분기 누적 보고서 없음),USD,데이터 없음(직전 보고서 없음),https://www.sec.gov/Archives/edgar/data/1730168/000173016818000019/,,1
Broadcom,AVGO,2018Q1,2018-05-06,분기말 자산총계,54936000000,USD,공시,https://www.sec.gov/Archives/edgar/data/1730168/000173016818000019/,,1
Broadcom,AVGO,2018Q1,2018-05-06,분기말 부채총계,22869000000,USD,공시,https://www.sec.gov/Archives/edgar/data/1730168/000173016818000019/,,1
Broadcom,AVGO,2018Q1,2018-05-06,분기말 총자본(자기자본),32067000000,USD,공시,https://www.sec.gov/Archives/edgar/data/1730168/000173016818000019/,,1
Broadcom,AVGO,2018Q1,2018-05-06,분기말 지배지분 자본,32067000000,USD,공시,https://www.sec.gov/Archives/edgar/data/1730168/000173016818000019/,,1
Broadcom,AVGO,2018Q1,2018-05-04,분기말 종가,230.52,USD,API,https://query1.finance.yahoo.com/v8/finance/chart/AVGO?interval=1d&events=splits (2018-05-04),분할조정 종가 23.052 × 이후 분할계수 10,1
Broadcom,AVGO,2018Q1,2018-06-01,분기말 상장주식수,431680880,주,공시(표지 기준일),https://www.sec.gov/Archives/edgar/data/1730168/000173016818000019/,dei:EntityCommonStockSharesOutstanding 클래스 합,1
Broadcom,AVGO,2018Q1,2018-05-04,분기말 시가총액,99511076458,USD,계산(종가×주식수),https://query1.finance.yahoo.com/v8/finance/chart/AVGO?interval=1d&events=splits (2018-05-04) ; https://www.sec.gov/Archives/edgar/data/1730168/000173016818000019/,종가 230.52 × 주식수 431680880,1
Broadcom,AVGO,2018Q2,2018-08-05,분기별 매출액,5063000000,USD,공시,https://www.sec.gov/Archives/edgar/data/1730168/000173016818000039/,,1
Broadcom,AVGO,2018Q2,2018-08-05,분기별 영업이익,1339000000,USD,공시,https://www.sec.gov/Archives/edgar/data/1730168/000173016818000039/,,1
Broadcom,AVGO,2018Q2,2018-08-05,분기별 당기순이익(지배),1196000000,USD,공시,https://www.sec.gov/Archives/edgar/data/1730168/000173016818000039/,,1
Broadcom,AVGO,2018Q2,2018-08-05,분기별 영업활동현금흐름,2247000000,USD,계산(누적차감),https://www.sec.gov/Archives/edgar/data/1730168/000173016818000039/ ; https://www.sec.gov/Archives/edgar/data/1730168/000173016818000019/,누적 6245000000 − 직전누적 3998000000 (시작 2017-10-30),1
Broadcom,AVGO,2018Q2,2018-08-05,분기말 자산총계,50372000000,USD,공시,https://www.sec.gov/Archives/edgar/data/1730168/000173016818000039/,,1
Broadcom,AVGO,2018Q2,2018-08-05,분기말 부채총계,22920000000,USD,공시,https://www.sec.gov/Archives/edgar/data/1730168/000173016818000039/,,1
Broadcom,AVGO,2018Q2,2018-08-05,분기말 총자본(자기자본),27452000000,USD,공시,https://www.sec.gov/Archives/edgar/data/1730168/000173016818000039/,,1
Broadcom,AVGO,2018Q2,2018-08-05,분기말 지배지분 자본,27452000000,USD,공시,https://www.sec.gov/Archives/edgar/data/1730168/000173016818000039/,,1
Broadcom,AVGO,2018Q2,2018-08-03,분기말 종가,217.81,USD,API,https://query1.finance.yahoo.com/v8/finance/chart/AVGO?interval=1d&events=splits (2018-08-03),분할조정 종가 21.781 × 이후 분할계수 10,1
Broadcom,AVGO,2018Q2,2018-08-31,분기말 상장주식수,413446755,주,공시(표지 기준일),https://www.sec.gov/Archives/edgar/data/1730168/000173016818000039/,dei:EntityCommonStockSharesOutstanding 클래스 합,1
Broadcom,AVGO,2018Q2,2018-08-03,분기말 시가총액,90052837707,USD,계산(종가×주식수),https://query1.finance.yahoo.com/v8/finance/chart/AVGO?interval=1d&events=splits (2018-08-03) ; https://www.sec.gov/Archives/edgar/data/1730168/000173016818000039/,종가 217.81 × 주식수 413446755,1
Broadcom,AVGO,2018Q3,2018-11-04,분기별 매출액,5444000000,USD,계산(연간-3분기누적),https://www.sec.gov/Archives/edgar/data/1730168/000173016818000084/ ; https://www.sec.gov/Archives/edgar/data/1730168/000173016818000039/,연간 20848000000 − 9개월누적 15404000000 (Revenues),1
Broadcom,AVGO,2018Q3,2018-11-04,분기별 영업이익,1652000000,USD,계산(연간-3분기누적),https://www.sec.gov/Archives/edgar/data/1730168/000173016818000084/ ; https://www.sec.gov/Archives/edgar/data/1730168/000173016818000039/,연간 5135000000 − 9개월누적 3483000000 (OperatingIncomeLoss),1
Broadcom,AVGO,2018Q3,2018-11-04,분기별 당기순이익(지배),1115000000,USD,계산(연간-3분기누적),https://www.sec.gov/Archives/edgar/data/1730168/000173016818000084/ ; https://www.sec.gov/Archives/edgar/data/1730168/000173016818000039/,연간 12259000000 − 9개월누적 11144000000 (NetIncomeLoss),1
Broadcom,AVGO,2018Q3,2018-11-04,분기별 영업활동현금흐름,2635000000,USD,계산(누적차감),https://www.sec.gov/Archives/edgar/data/1730168/000173016818000084/ ; https://www.sec.gov/Archives/edgar/data/1730168/000173016818000039/,누적 8880000000 − 직전누적 6245000000 (시작 2017-10-30),1
Broadcom,AVGO,2018Q3,2018-11-04,분기말 자산총계,50124000000,USD,공시,https://www.sec.gov/Archives/edgar/data/1730168/000173016818000084/,,1
Broadcom,AVGO,2018Q3,2018-11-04,분기말 부채총계,23467000000,USD,공시,https://www.sec.gov/Archives/edgar/data/1730168/000173016818000084/,,1
Broadcom,AVGO,2018Q3,2018-11-04,분기말 총자본(자기자본),26657000000,USD,공시,https://www.sec.gov/Archives/edgar/data/1730168/000173016818000084/,,1
Broadcom,AVGO,2018Q3,2018-11-04,분기말 지배지분 자본,26657000000,USD,공시,https://www.sec.gov/Archives/edgar/data/1730168/000173016818000084/,,1
Broadcom,AVGO,2018Q3,2018-11-02,분기말 종가,220.77,USD,API,https://query1.finance.yahoo.com/v8/finance/chart/AVGO?interval=1d&events=splits (2018-11-02),분할조정 종가 22.077 × 이후 분할계수 10,1
Broadcom,AVGO,2018Q3,2018-11-30,분기말 상장주식수,407270901,주,공시(표지 기준일),https://www.sec.gov/Archives/edgar/data/1730168/000173016818000084/,dei:EntityCommonStockSharesOutstanding 클래스 합,1
Broadcom,AVGO,2018Q3,2018-11-02,분기말 시가총액,89913196814,USD,계산(종가×주식수),https://query1.finance.yahoo.com/v8/finance/chart/AVGO?interval=1d&events=splits (2018-11-02) ; https://www.sec.gov/Archives/edgar/data/1730168/000173016818000084/,종가 220.77 × 주식수 407270901,1
Broadcom,AVGO,2018Q4,2019-02-03,분기별 매출액,5789000000,USD,공시,https://www.sec.gov/Archives/edgar/data/1730168/000173016819000036/,,1
Broadcom,AVGO,2018Q4,2019-02-03,분기별 영업이익,555000000,USD,공시,https://www.sec.gov/Archives/edgar/data/1730168/000173016819000036/,,1
Broadcom,AVGO,2018Q4,2019-02-03,분기별 당기순이익(지배),471000000,USD,공시,https://www.sec.gov/Archives/edgar/data/1730168/000173016819000036/,,1
Broadcom,AVGO,2018Q4,2019-02-03,분기별 영업활동현금흐름,2132000000,USD,공시,https://www.sec.gov/Archives/edgar/data/1730168/000173016819000036/,,1
Broadcom,AVGO,2018Q4,2019-02-03,분기말 자산총계,72110000000,USD,공시,https://www.sec.gov/Archives/edgar/data/1730168/000173016819000036/,,1
Broadcom,AVGO,2018Q4,2019-02-03,분기말 부채총계,48886000000,USD,공시,https://www.sec.gov/Archives/edgar/data/1730168/000173016819000036/,,1
Broadcom,AVGO,2018Q4,2019-02-03,분기말 총자본(자기자본),23224000000,USD,공시,https://www.sec.gov/Archives/edgar/data/1730168/000173016819000036/,,1
Broadcom,AVGO,2018Q4,2019-02-03,분기말 지배지분 자본,23224000000,USD,공시,https://www.sec.gov/Archives/edgar/data/1730168/000173016819000036/,,1
Broadcom,AVGO,2018Q4,2019-02-01,분기말 종가,266.81,USD,API,https://query1.finance.yahoo.com/v8/finance/chart/AVGO?interval=1d&events=splits (2019-02-01),분할조정 종가 26.681 × 이후 분할계수 10,1
Broadcom,AVGO,2018Q4,2019-03-01,분기말 상장주식수,395845660,주,공시(표지 기준일),https://www.sec.gov/Archives/edgar/data/1730168/000173016819000036/,dei:EntityCommonStockSharesOutstanding 클래스 합,1
Broadcom,AVGO,2018Q4,2019-02-01,분기말 시가총액,105615580545,USD,계산(종가×주식수),https://query1.finance.yahoo.com/v8/finance/chart/AVGO?interval=1d&events=splits (2019-02-01) ; https://www.sec.gov/Archives/edgar/data/1730168/000173016819000036/,종가 266.81 × 주식수 395845660,1
Broadcom,AVGO,2019Q1,2019-05-05,분기별 매출액,5517000000,USD,공시,https://www.sec.gov/Archives/edgar/data/1730168/000173016819000101/,,1
Broadcom,AVGO,2019Q1,2019-05-05,분기별 영업이익,970000000,USD,공시,https://www.sec.gov/Archives/edgar/data/1730168/000173016819000101/,,1
Broadcom,AVGO,2019Q1,2019-05-05,분기별 당기순이익(지배),691000000,USD,공시,https://www.sec.gov/Archives/edgar/data/1730168/000173016819000101/,,1
Broadcom,AVGO,2019Q1,2019-05-05,분기별 영업활동현금흐름,2667000000,USD,계산(누적차감),https://www.sec.gov/Archives/edgar/data/1730168/000173016819000101/ ; https://www.sec.gov/Archives/edgar/data/1730168/000173016819000036/,누적 4799000000 − 직전누적 2132000000 (시작 2018-11-05),1
Broadcom,AVGO,2019Q1,2019-05-05,분기말 자산총계,70916000000,USD,공시,https://www.sec.gov/Archives/edgar/data/1730168/000173016819000101/,,1
Broadcom,AVGO,2019Q1,2019-05-05,분기말 부채총계,48744000000,USD,공시,https://www.sec.gov/Archives/edgar/data/1730168/000173016819000101/,,1
Broadcom,AVGO,2019Q1,2019-05-05,분기말 총자본(자기자본),22172000000,USD,공시,https://www.sec.gov/Archives/edgar/data/1730168/000173016819000101/,,1
Broadcom,AVGO,2019Q1,2019-05-05,분기말 지배지분 자본,22172000000,USD,공시,https://www.sec.gov/Archives/edgar/data/1730168/000173016819000101/,,1
Broadcom,AVGO,2019Q1,2019-05-03,분기말 종가,315.71,USD,API,https://query1.finance.yahoo.com/v8/finance/chart/AVGO?interval=1d&events=splits (2019-05-03),분할조정 종가 31.571 × 이후 분할계수 10,1
Broadcom,AVGO,2019Q1,2019-05-31,분기말 상장주식수,398073576,주,공시(표지 기준일),https://www.sec.gov/Archives/edgar/data/1730168/000173016819000101/,dei:EntityCommonStockSharesOutstanding 클래스 합,1
Broadcom,AVGO,2019Q1,2019-05-03,분기말 시가총액,125675808679,USD,계산(종가×주식수),https://query1.finance.yahoo.com/v8/finance/chart/AVGO?interval=1d&events=splits (2019-05-03) ; https://www.sec.gov/Archives/edgar/data/1730168/000173016819000101/,종가 315.71 × 주식수 398073576,1
Broadcom,AVGO,2019Q2,2019-08-04,분기별 매출액,5515000000,USD,공시,https://www.sec.gov/Archives/edgar/data/1730168/000173016819000118/,,1
Broadcom,AVGO,2019Q2,2019-08-04,분기별 영업이익,865000000,USD,공시,https://www.sec.gov/Archives/edgar/data/1730168/000173016819000118/,,1
Broadcom,AVGO,2019Q2,2019-08-04,분기별 당기순이익(지배),715000000,USD,공시,https://www.sec.gov/Archives/edgar/data/1730168/000173016819000118/,,1
Broadcom,AVGO,2019Q2,2019-08-04,분기별 영업활동현금흐름,2419000000,USD,계산(누적차감),https://www.sec.gov/Archives/edgar/data/1730168/000173016819000118/ ; https://www.sec.gov/Archives/edgar/data/1730168/000173016819000101/,누적 7218000000 − 직전누적 4799000000 (시작 2018-11-05),1
Broadcom,AVGO,2019Q2,2019-08-04,분기말 자산총계,69767000000,USD,공시,https://www.sec.gov/Archives/edgar/data/1730168/000173016819000118/,,1
Broadcom,AVGO,2019Q2,2019-08-04,분기말 부채총계,48264000000,USD,공시,https://www.sec.gov/Archives/edgar/data/1730168/000173016819000118/,,1
Broadcom,AVGO,2019Q2,2019-08-04,분기말 총자본(자기자본),21503000000,USD,공시,https://www.sec.gov/Archives/edgar/data/1730168/000173016819000118/,,1
Broadcom,AVGO,2019Q2,2019-08-04,분기말 지배지분 자본,21503000000,USD,공시,https://www.sec.gov/Archives/edgar/data/1730168/000173016819000118/,,1
Broadcom,AVGO,2019Q2,2019-08-02,분기말 종가,278.53,USD,API,https://query1.finance.yahoo.com/v8/finance/chart/AVGO?interval=1d&events=splits (2019-08-02),분할조정 종가 27.853 × 이후 분할계수 10,1
Broadcom,AVGO,2019Q2,2019-08-30,분기말 상장주식수,396670773,주,공시(표지 기준일),https://www.sec.gov/Archives/edgar/data/1730168/000173016819000118/,dei:EntityCommonStockSharesOutstanding 클래스 합,1
Broadcom,AVGO,2019Q2,2019-08-02,분기말 시가총액,110484710404,USD,계산(종가×주식수),https://query1.finance.yahoo.com/v8/finance/chart/AVGO?interval=1d&events=splits (2019-08-02) ; https://www.sec.gov/Archives/edgar/data/1730168/000173016819000118/,종가 278.53 × 주식수 396670773,1
Broadcom,AVGO,2019Q3,2019-11-03,분기별 매출액,5776000000,USD,계산(연간-3분기누적),https://www.sec.gov/Archives/edgar/data/1730168/000173016819000144/ ; https://www.sec.gov/Archives/edgar/data/1730168/000173016819000118/,연간 22597000000 − 9개월누적 16821000000 (RevenueFromContractWithCustomerExcludingAssessedTax),1
Broadcom,AVGO,2019Q3,2019-11-03,분기별 영업이익,1054000000,USD,계산(연간-3분기누적),https://www.sec.gov/Archives/edgar/data/1730168/000173016819000144/ ; https://www.sec.gov/Archives/edgar/data/1730168/000173016819000118/,연간 3444000000 − 9개월누적 2390000000 (OperatingIncomeLoss),1
Broadcom,AVGO,2019Q3,2019-11-03,분기별 당기순이익(지배),847000000,USD,계산(연간(연결-비지배)-3분기누적),https://www.sec.gov/Archives/edgar/data/1730168/000173016819000144/ ; https://www.sec.gov/Archives/edgar/data/1730168/000173016819000118/,연간 연결 2724000000 − 비지배 0 − (9개월누적 1877000000),1
Broadcom,AVGO,2019Q3,2019-11-03,분기별 영업활동현금흐름,2479000000,USD,계산(누적차감),https://www.sec.gov/Archives/edgar/data/1730168/000173016819000144/ ; https://www.sec.gov/Archives/edgar/data/1730168/000173016819000118/,누적 9697000000 − 직전누적 7218000000 (시작 2018-11-05),1
Broadcom,AVGO,2019Q3,2019-11-03,분기말 자산총계,67493000000,USD,공시,https://www.sec.gov/Archives/edgar/data/1730168/000173016819000144/,,1
Broadcom,AVGO,2019Q3,2019-11-03,분기말 부채총계,42523000000,USD,공시,https://www.sec.gov/Archives/edgar/data/1730168/000173016819000144/,메자닌(일시자본) 29000000 별도 (원문 avgo:TemporaryEquityPreferredStockDividendObligation 29000000),1
Broadcom,AVGO,2019Q3,2019-11-03,분기말 총자본(자기자본),24941000000,USD,공시,https://www.sec.gov/Archives/edgar/data/1730168/000173016819000144/,,1
Broadcom,AVGO,2019Q3,2019-11-03,분기말 지배지분 자본,24941000000,USD,공시,https://www.sec.gov/Archives/edgar/data/1730168/000173016819000144/,,1
Broadcom,AVGO,2019Q3,2019-11-01,분기말 종가,296.59,USD,API,https://query1.finance.yahoo.com/v8/finance/chart/AVGO?interval=1d&events=splits (2019-11-01),분할조정 종가 29.659 × 이후 분할계수 10,1
Broadcom,AVGO,2019Q3,2019-11-29,분기말 상장주식수,397792289,주,공시(표지 기준일),https://www.sec.gov/Archives/edgar/data/1730168/000173016819000144/,dei:EntityCommonStockSharesOutstanding 클래스 합,1
Broadcom,AVGO,2019Q3,2019-11-01,분기말 시가총액,117981214995,USD,계산(종가×주식수),https://query1.finance.yahoo.com/v8/finance/chart/AVGO?interval=1d&events=splits (2019-11-01) ; https://www.sec.gov/Archives/edgar/data/1730168/000173016819000144/,종가 296.59 × 주식수 397792289,1
Broadcom,AVGO,2019Q4,2020-02-02,분기별 매출액,5858000000,USD,공시,https://www.sec.gov/Archives/edgar/data/1730168/000173016820000045/,,1
Broadcom,AVGO,2019Q4,2020-02-02,분기별 영업이익,714000000,USD,공시,https://www.sec.gov/Archives/edgar/data/1730168/000173016820000045/,,1
Broadcom,AVGO,2019Q4,2020-02-02,분기별 당기순이익(지배),385000000,USD,공시(비지배 없음),https://www.sec.gov/Archives/edgar/data/1730168/000173016820000045/,,1
Broadcom,AVGO,2019Q4,2020-02-02,분기별 영업활동현금흐름,2322000000,USD,공시,https://www.sec.gov/Archives/edgar/data/1730168/000173016820000045/,,1
Broadcom,AVGO,2019Q4,2020-02-02,분기말 자산총계,81006000000,USD,공시,https://www.sec.gov/Archives/edgar/data/1730168/000173016820000045/,,1
Broadcom,AVGO,2019Q4,2020-02-02,분기말 부채총계,56610000000,USD,공시,https://www.sec.gov/Archives/edgar/data/1730168/000173016820000045/,메자닌(일시자본) 28000000 별도 (원문 avgo:TemporaryEquityPreferredStockDividendObligation 28000000),1
Broadcom,AVGO,2019Q4,2020-02-02,분기말 총자본(자기자본),24368000000,USD,공시,https://www.sec.gov/Archives/edgar/data/1730168/000173016820000045/,,1
Broadcom,AVGO,2019Q4,2020-02-02,분기말 지배지분 자본,24368000000,USD,공시(비지배 없음),https://www.sec.gov/Archives/edgar/data/1730168/000173016820000045/,"StockholdersEquityIncludingPortionAttributableToNoncontrollingInterest, MinorityInterest 태그 없음",1
Broadcom,AVGO,2019Q4,2020-01-31,분기말 종가,305.16,USD,API,https://query1.finance.yahoo.com/v8/finance/chart/AVGO?interval=1d&events=splits (2020-01-31),분할조정 종가 30.516 × 이후 분할계수 10,1
Broadcom,AVGO,2019Q4,2020-02-28,분기말 상장주식수,399791345,주,공시(표지 기준일),https://www.sec.gov/Archives/edgar/data/1730168/000173016820000045/,dei:EntityCommonStockSharesOutstanding 클래스 합,1
Broadcom,AVGO,2019Q4,2020-01-31,분기말 시가총액,122000326840,USD,계산(종가×주식수),https://query1.finance.yahoo.com/v8/finance/chart/AVGO?interval=1d&events=splits (2020-01-31) ; https://www.sec.gov/Archives/edgar/data/1730168/000173016820000045/,종가 305.16 × 주식수 399791345,1
Broadcom,AVGO,2020Q1,2020-05-03,분기별 매출액,5742000000,USD,공시,https://www.sec.gov/Archives/edgar/data/1730168/000173016820000109/,,1
Broadcom,AVGO,2020Q1,2020-05-03,분기별 영업이익,766000000,USD,공시,https://www.sec.gov/Archives/edgar/data/1730168/000173016820000109/,,1
Broadcom,AVGO,2020Q1,2020-05-03,분기별 당기순이익(지배),563000000,USD,공시(비지배 없음),https://www.sec.gov/Archives/edgar/data/1730168/000173016820000109/,,1
Broadcom,AVGO,2020Q1,2020-05-03,분기별 영업활동현금흐름,3213000000,USD,계산(누적차감),https://www.sec.gov/Archives/edgar/data/1730168/000173016820000109/ ; https://www.sec.gov/Archives/edgar/data/1730168/000173016820000045/,누적 5535000000 − 직전누적 2322000000 (시작 2019-11-04),1
Broadcom,AVGO,2020Q1,2020-05-03,분기말 자산총계,81548000000,USD,공시,https://www.sec.gov/Archives/edgar/data/1730168/000173016820000109/,,1
Broadcom,AVGO,2020Q1,2020-05-03,분기말 부채총계,57578000000,USD,공시,https://www.sec.gov/Archives/edgar/data/1730168/000173016820000109/,메자닌(일시자본) 28000000 별도 (원문 avgo:TemporaryEquityPreferredStockDividendObligation 28000000),1
Broadcom,AVGO,2020Q1,2020-05-03,분기말 총자본(자기자본),23942000000,USD,공시,https://www.sec.gov/Archives/edgar/data/1730168/000173016820000109/,,1
Broadcom,AVGO,2020Q1,2020-05-03,분기말 지배지분 자본,23942000000,USD,공시(비지배 없음),https://www.sec.gov/Archives/edgar/data/1730168/000173016820000109/,"StockholdersEquityIncludingPortionAttributableToNoncontrollingInterest, MinorityInterest 태그 없음",1
Broadcom,AVGO,2020Q1,2020-05-01,분기말 종가,259.7,USD,API,https://query1.finance.yahoo.com/v8/finance/chart/AVGO?interval=1d&events=splits (2020-05-01),분할조정 종가 25.97 × 이후 분할계수 10,1
Broadcom,AVGO,2020Q1,2020-05-29,분기말 상장주식수,402185283,주,공시(표지 기준일),https://www.sec.gov/Archives/edgar/data/1730168/000173016820000109/,dei:EntityCommonStockSharesOutstanding 클래스 합,1
Broadcom,AVGO,2020Q1,2020-05-01,분기말 시가총액,104447517995,USD,계산(종가×주식수),https://query1.finance.yahoo.com/v8/finance/chart/AVGO?interval=1d&events=splits (2020-05-01) ; https://www.sec.gov/Archives/edgar/data/1730168/000173016820000109/,종가 259.7 × 주식수 402185283,1
Broadcom,AVGO,2020Q2,2020-08-02,분기별 매출액,5821000000,USD,공시,https://www.sec.gov/Archives/edgar/data/1730168/000173016820000164/,,1
Broadcom,AVGO,2020Q2,2020-08-02,분기별 영업이익,1008000000,USD,공시,https://www.sec.gov/Archives/edgar/data/1730168/000173016820000164/,,1
Broadcom,AVGO,2020Q2,2020-08-02,분기별 당기순이익(지배),688000000,USD,공시(비지배 없음),https://www.sec.gov/Archives/edgar/data/1730168/000173016820000164/,,1
Broadcom,AVGO,2020Q2,2020-08-02,분기별 영업활동현금흐름,3178000000,USD,계산(누적차감),https://www.sec.gov/Archives/edgar/data/1730168/000173016820000164/ ; https://www.sec.gov/Archives/edgar/data/1730168/000173016820000109/,누적 8713000000 − 직전누적 5535000000 (시작 2019-11-04),1
Broadcom,AVGO,2020Q2,2020-08-02,분기말 자산총계,79298000000,USD,공시,https://www.sec.gov/Archives/edgar/data/1730168/000173016820000164/,,1
Broadcom,AVGO,2020Q2,2020-08-02,분기말 부채총계,55713000000,USD,공시,https://www.sec.gov/Archives/edgar/data/1730168/000173016820000164/,메자닌(일시자본) 28000000 별도 (원문 avgo:TemporaryEquityPreferredStockDividendObligation 28000000),1
Broadcom,AVGO,2020Q2,2020-08-02,분기말 총자본(자기자본),23557000000,USD,공시,https://www.sec.gov/Archives/edgar/data/1730168/000173016820000164/,,1
Broadcom,AVGO,2020Q2,2020-08-02,분기말 지배지분 자본,23557000000,USD,공시(비지배 없음),https://www.sec.gov/Archives/edgar/data/1730168/000173016820000164/,"StockholdersEquityIncludingPortionAttributableToNoncontrollingInterest, MinorityInterest 태그 없음",1
Broadcom,AVGO,2020Q2,2020-07-31,분기말 종가,316.75,USD,API,https://query1.finance.yahoo.com/v8/finance/chart/AVGO?interval=1d&events=splits (2020-07-31),분할조정 종가 31.675 × 이후 분할계수 10,1
Broadcom,AVGO,2020Q2,2020-08-28,분기말 상장주식수,404501331,주,공시(표지 기준일),https://www.sec.gov/Archives/edgar/data/1730168/000173016820000164/,dei:EntityCommonStockSharesOutstanding 클래스 합,1
Broadcom,AVGO,2020Q2,2020-07-31,분기말 시가총액,128125796594,USD,계산(종가×주식수),https://query1.finance.yahoo.com/v8/finance/chart/AVGO?interval=1d&events=splits (2020-07-31) ; https://www.sec.gov/Archives/edgar/data/1730168/000173016820000164/,종가 316.75 × 주식수 404501331,1
Broadcom,AVGO,2020Q3,2020-11-01,분기별 매출액,6467000000,USD,계산(연간-3분기누적),https://www.sec.gov/Archives/edgar/data/1730168/000173016820000226/ ; https://www.sec.gov/Archives/edgar/data/1730168/000173016820000164/,연간 23888000000 − 9개월누적 17421000000 (RevenueFromContractWithCustomerExcludingAssessedTax),1
Broadcom,AVGO,2020Q3,2020-11-01,분기별 영업이익,1526000000,USD,계산(연간-3분기누적),https://www.sec.gov/Archives/edgar/data/1730168/000173016820000226/ ; https://www.sec.gov/Archives/edgar/data/1730168/000173016820000164/,연간 4014000000 − 9개월누적 2488000000 (OperatingIncomeLoss),1
Broadcom,AVGO,2020Q3,2020-11-01,분기별 당기순이익(지배),1324000000,USD,계산(연간(연결-비지배)-3분기누적),https://www.sec.gov/Archives/edgar/data/1730168/000173016820000226/ ; https://www.sec.gov/Archives/edgar/data/1730168/000173016820000164/,"연간 연결 2960000000 − 비지배 0 − (9개월 연결 1636000000, 비지배 태그 없음)",1
Broadcom,AVGO,2020Q3,2020-11-01,분기별 영업활동현금흐름,3348000000,USD,계산(누적차감),https://www.sec.gov/Archives/edgar/data/1730168/000173016820000226/ ; https://www.sec.gov/Archives/edgar/data/1730168/000173016820000164/,누적 12061000000 − 직전누적 8713000000 (시작 2019-11-04),1
Broadcom,AVGO,2020Q3,2020-11-01,분기말 자산총계,75933000000,USD,공시,https://www.sec.gov/Archives/edgar/data/1730168/000173016820000226/,,1
Broadcom,AVGO,2020Q3,2020-11-01,분기말 부채총계,52032000000,USD,공시,https://www.sec.gov/Archives/edgar/data/1730168/000173016820000226/,메자닌(일시자본) 27000000 별도 (원문 avgo:TemporaryEquityPreferredStockDividendObligation 27000000),1
Broadcom,AVGO,2020Q3,2020-11-01,분기말 총자본(자기자본),23874000000,USD,공시,https://www.sec.gov/Archives/edgar/data/1730168/000173016820000226/,,1
Broadcom,AVGO,2020Q3,2020-11-01,분기말 지배지분 자본,23874000000,USD,공시(비지배 없음),https://www.sec.gov/Archives/edgar/data/1730168/000173016820000226/,"StockholdersEquityIncludingPortionAttributableToNoncontrollingInterest, MinorityInterest 태그 없음",1
Broadcom,AVGO,2020Q3,2020-10-30,분기말 종가,349.63,USD,API,https://query1.finance.yahoo.com/v8/finance/chart/AVGO?interval=1d&events=splits (2020-10-30),분할조정 종가 34.963 × 이후 분할계수 10,1
Broadcom,AVGO,2020Q3,2020-11-27,분기말 상장주식수,406713118,주,공시(표지 기준일),https://www.sec.gov/Archives/edgar/data/1730168/000173016820000226/,dei:EntityCommonStockSharesOutstanding 클래스 합,1
Broadcom,AVGO,2020Q3,2020-10-30,분기말 시가총액,142199107446,USD,계산(종가×주식수),https://query1.finance.yahoo.com/v8/finance/chart/AVGO?interval=1d&events=splits (2020-10-30) ; https://www.sec.gov/Archives/edgar/data/1730168/000173016820000226/,종가 349.63 × 주식수 406713118,1
Broadcom,AVGO,2020Q4,2021-01-31,분기별 매출액,6655000000,USD,공시,https://www.sec.gov/Archives/edgar/data/1730168/000173016821000045/,,1
Broadcom,AVGO,2020Q4,2021-01-31,분기별 영업이익,1837000000,USD,공시,https://www.sec.gov/Archives/edgar/data/1730168/000173016821000045/,,1
Broadcom,AVGO,2020Q4,2021-01-31,분기별 당기순이익(지배),1378000000,USD,공시(비지배 없음),https://www.sec.gov/Archives/edgar/data/1730168/000173016821000045/,,1
Broadcom,AVGO,2020Q4,2021-01-31,분기별 영업활동현금흐름,3113000000,USD,공시,https://www.sec.gov/Archives/edgar/data/1730168/000173016821000045/,,1
Broadcom,AVGO,2020Q4,2021-01-31,분기말 자산총계,76972000000,USD,공시,https://www.sec.gov/Archives/edgar/data/1730168/000173016821000045/,,1
Broadcom,AVGO,2020Q4,2021-01-31,분기말 부채총계,52973000000,USD,공시,https://www.sec.gov/Archives/edgar/data/1730168/000173016821000045/,메자닌(일시자본) 26000000 별도 (원문 avgo:TemporaryEquityPreferredStockDividendObligation 26000000),1
Broadcom,AVGO,2020Q4,2021-01-31,분기말 총자본(자기자본),23973000000,USD,공시,https://www.sec.gov/Archives/edgar/data/1730168/000173016821000045/,,1
Broadcom,AVGO,2020Q4,2021-01-31,분기말 지배지분 자본,23973000000,USD,공시(비지배 없음),https://www.sec.gov/Archives/edgar/data/1730168/000173016821000045/,"StockholdersEquityIncludingPortionAttributableToNoncontrollingInterest, MinorityInterest 태그 없음",1
Broadcom,AVGO,2020Q4,2021-01-29,분기말 종가,450.5,USD,API,https://query1.finance.yahoo.com/v8/finance/chart/AVGO?interval=1d&events=splits (2021-01-29),분할조정 종가 45.05 × 이후 분할계수 10,1
Broadcom,AVGO,2020Q4,2021-02-26,분기말 상장주식수,408302326,주,공시(표지 기준일),https://www.sec.gov/Archives/edgar/data/1730168/000173016821000045/,dei:EntityCommonStockSharesOutstanding 클래스 합,1
Broadcom,AVGO,2020Q4,2021-01-29,분기말 시가총액,183940197863,USD,계산(종가×주식수),https://query1.finance.yahoo.com/v8/finance/chart/AVGO?interval=1d&events=splits (2021-01-29) ; https://www.sec.gov/Archives/edgar/data/1730168/000173016821000045/,종가 450.5 × 주식수 408302326,1
Broadcom,AVGO,2021Q1,2021-05-02,분기별 매출액,6610000000,USD,공시,https://www.sec.gov/Archives/edgar/data/1730168/000173016821000116/,,1
Broadcom,AVGO,2021Q1,2021-05-02,분기별 영업이익,1975000000,USD,공시,https://www.sec.gov/Archives/edgar/data/1730168/000173016821000116/,,1
Broadcom,AVGO,2021Q1,2021-05-02,분기별 당기순이익(지배),1493000000,USD,공시(비지배 없음),https://www.sec.gov/Archives/edgar/data/1730168/000173016821000116/,,1
Broadcom,AVGO,2021Q1,2021-05-02,분기별 영업활동현금흐름,3569000000,USD,계산(누적차감),https://www.sec.gov/Archives/edgar/data/1730168/000173016821000116/ ; https://www.sec.gov/Archives/edgar/data/1730168/000173016821000045/,누적 6682000000 − 직전누적 3113000000 (시작 2020-11-02),1
Broadcom,AVGO,2021Q1,2021-05-02,분기말 자산총계,75524000000,USD,공시,https://www.sec.gov/Archives/edgar/data/1730168/000173016821000116/,,1
Broadcom,AVGO,2021Q1,2021-05-02,분기말 부채총계,51558000000,USD,공시,https://www.sec.gov/Archives/edgar/data/1730168/000173016821000116/,메자닌(일시자본) 27000000 별도 (원문 avgo:TemporaryEquityPreferredStockDividendObligation 27000000),1
Broadcom,AVGO,2021Q1,2021-05-02,분기말 총자본(자기자본),23939000000,USD,공시,https://www.sec.gov/Archives/edgar/data/1730168/000173016821000116/,,1
Broadcom,AVGO,2021Q1,2021-05-02,분기말 지배지분 자본,23939000000,USD,공시(비지배 없음),https://www.sec.gov/Archives/edgar/data/1730168/000173016821000116/,"StockholdersEquityIncludingPortionAttributableToNoncontrollingInterest, MinorityInterest 태그 없음",1
Broadcom,AVGO,2021Q1,2021-04-30,분기말 종가,456.2,USD,API,https://query1.finance.yahoo.com/v8/finance/chart/AVGO?interval=1d&events=splits (2021-04-30),분할조정 종가 45.62 × 이후 분할계수 10,1
Broadcom,AVGO,2021Q1,2021-05-28,분기말 상장주식수,410260560,주,공시(표지 기준일),https://www.sec.gov/Archives/edgar/data/1730168/000173016821000116/,dei:EntityCommonStockSharesOutstanding 클래스 합,1
Broadcom,AVGO,2021Q1,2021-04-30,분기말 시가총액,187160867472,USD,계산(종가×주식수),https://query1.finance.yahoo.com/v8/finance/chart/AVGO?interval=1d&events=splits (2021-04-30) ; https://www.sec.gov/Archives/edgar/data/1730168/000173016821000116/,종가 456.2 × 주식수 410260560,1
Broadcom,AVGO,2021Q2,2021-08-01,분기별 매출액,6778000000,USD,공시,https://www.sec.gov/Archives/edgar/data/1730168/000173016821000123/,,1
Broadcom,AVGO,2021Q2,2021-08-01,분기별 영업이익,2126000000,USD,공시,https://www.sec.gov/Archives/edgar/data/1730168/000173016821000123/,,1
Broadcom,AVGO,2021Q2,2021-08-01,분기별 당기순이익(지배),1876000000,USD,공시(비지배 없음),https://www.sec.gov/Archives/edgar/data/1730168/000173016821000123/,,1
Broadcom,AVGO,2021Q2,2021-08-01,분기별 영업활동현금흐름,3541000000,USD,계산(누적차감),https://www.sec.gov/Archives/edgar/data/1730168/000173016821000123/ ; https://www.sec.gov/Archives/edgar/data/1730168/000173016821000116/,누적 10223000000 − 직전누적 6682000000 (시작 2020-11-02),1
Broadcom,AVGO,2021Q2,2021-08-01,분기말 자산총계,75880000000,USD,공시,https://www.sec.gov/Archives/edgar/data/1730168/000173016821000123/,,1
Broadcom,AVGO,2021Q2,2021-08-01,분기말 부채총계,51513000000,USD,공시,https://www.sec.gov/Archives/edgar/data/1730168/000173016821000123/,메자닌(일시자본) 27000000 별도 (원문 avgo:TemporaryEquityPreferredStockDividendObligation 27000000),1
Broadcom,AVGO,2021Q2,2021-08-01,분기말 총자본(자기자본),24340000000,USD,공시,https://www.sec.gov/Archives/edgar/data/1730168/000173016821000123/,,1
Broadcom,AVGO,2021Q2,2021-08-01,분기말 지배지분 자본,24340000000,USD,공시(비지배 없음),https://www.sec.gov/Archives/edgar/data/1730168/000173016821000123/,"StockholdersEquityIncludingPortionAttributableToNoncontrollingInterest, MinorityInterest 태그 없음",1
Broadcom,AVGO,2021Q2,2021-07-30,분기말 종가,485.4,USD,API,https://query1.finance.yahoo.com/v8/finance/chart/AVGO?interval=1d&events=splits (2021-07-30),분할조정 종가 48.54 × 이후 분할계수 10,1
Broadcom,AVGO,2021Q2,2021-08-27,분기말 상장주식수,411616288,주,공시(표지 기준일),https://www.sec.gov/Archives/edgar/data/1730168/000173016821000123/,dei:EntityCommonStockSharesOutstanding 클래스 합,1
Broadcom,AVGO,2021Q2,2021-07-30,분기말 시가총액,199798546195,USD,계산(종가×주식수),https://query1.finance.yahoo.com/v8/finance/chart/AVGO?interval=1d&events=splits (2021-07-30) ; https://www.sec.gov/Archives/edgar/data/1730168/000173016821000123/,종가 485.4 × 주식수 411616288,1
Broadcom,AVGO,2021Q3,2021-10-31,분기별 매출액,7407000000,USD,계산(연간-3분기누적),https://www.sec.gov/Archives/edgar/data/1730168/000173016821000153/ ; https://www.sec.gov/Archives/edgar/data/1730168/000173016821000123/,연간 27450000000 − 9개월누적 20043000000 (RevenueFromContractWithCustomerExcludingAssessedTax),1
Broadcom,AVGO,2021Q3,2021-10-31,분기별 영업이익,2581000000,USD,계산(연간-3분기누적),https://www.sec.gov/Archives/edgar/data/1730168/000173016821000153/ ; https://www.sec.gov/Archives/edgar/data/1730168/000173016821000123/,연간 8519000000 − 9개월누적 5938000000 (OperatingIncomeLoss),1
Broadcom,AVGO,2021Q3,2021-10-31,분기별 당기순이익(지배),1989000000,USD,"계산(연간-3분기누적, 비지배 없음)",https://www.sec.gov/Archives/edgar/data/1730168/000173016821000153/ ; https://www.sec.gov/Archives/edgar/data/1730168/000173016821000123/,연간 6736000000 − 9개월누적 4747000000 (ProfitLoss),1
Broadcom,AVGO,2021Q3,2021-10-31,분기별 영업활동현금흐름,3541000000,USD,계산(누적차감),https://www.sec.gov/Archives/edgar/data/1730168/000173016821000153/ ; https://www.sec.gov/Archives/edgar/data/1730168/000173016821000123/,누적 13764000000 − 직전누적 10223000000 (시작 2020-11-02),1
Broadcom,AVGO,2021Q3,2021-10-31,분기말 자산총계,75570000000,USD,공시,https://www.sec.gov/Archives/edgar/data/1730168/000173016821000153/,,1
Broadcom,AVGO,2021Q3,2021-10-31,분기말 부채총계,50581000000,USD,공시,https://www.sec.gov/Archives/edgar/data/1730168/000173016821000153/,메자닌(일시자본) 27000000 별도 (원문 avgo:TemporaryEquityPreferredStockDividendObligation 27000000),1
Broadcom,AVGO,2021Q3,2021-10-31,분기말 총자본(자기자본),24962000000,USD,공시,https://www.sec.gov/Archives/edgar/data/1730168/000173016821000153/,,1
Broadcom,AVGO,2021Q3,2021-10-31,분기말 지배지분 자본,24962000000,USD,공시(비지배 없음),https://www.sec.gov/Archives/edgar/data/1730168/000173016821000153/,"StockholdersEquityIncludingPortionAttributableToNoncontrollingInterest, MinorityInterest 태그 없음",1
Broadcom,AVGO,2021Q3,2021-10-29,분기말 종가,531.67,USD,API,https://query1.finance.yahoo.com/v8/finance/chart/AVGO?interval=1d&events=splits (2021-10-29),분할조정 종가 53.167 × 이후 분할계수 10,1
Broadcom,AVGO,2021Q3,2021-11-26,분기말 상장주식수,412873968,주,공시(표지 기준일),https://www.sec.gov/Archives/edgar/data/1730168/000173016821000153/,dei:EntityCommonStockSharesOutstanding 클래스 합,1
Broadcom,AVGO,2021Q3,2021-10-29,분기말 시가총액,219512702567,USD,계산(종가×주식수),https://query1.finance.yahoo.com/v8/finance/chart/AVGO?interval=1d&events=splits (2021-10-29) ; https://www.sec.gov/Archives/edgar/data/1730168/000173016821000153/,종가 531.67 × 주식수 412873968,1
Broadcom,AVGO,2021Q4,2022-01-30,분기별 매출액,7706000000,USD,공시,https://www.sec.gov/Archives/edgar/data/1730168/000173016822000029/,,1
Broadcom,AVGO,2021Q4,2022-01-30,분기별 영업이익,3108000000,USD,공시,https://www.sec.gov/Archives/edgar/data/1730168/000173016822000029/,,1
Broadcom,AVGO,2021Q4,2022-01-30,분기별 당기순이익(지배),2472000000,USD,공시(비지배 없음),https://www.sec.gov/Archives/edgar/data/1730168/000173016822000029/,,1
Broadcom,AVGO,2021Q4,2022-01-30,분기별 영업활동현금흐름,3486000000,USD,공시,https://www.sec.gov/Archives/edgar/data/1730168/000173016822000029/,,1
Broadcom,AVGO,2021Q4,2022-01-30,분기말 자산총계,73224000000,USD,공시,https://www.sec.gov/Archives/edgar/data/1730168/000173016822000029/,,1
Broadcom,AVGO,2021Q4,2022-01-30,분기말 부채총계,50230000000,USD,공시,https://www.sec.gov/Archives/edgar/data/1730168/000173016822000029/,메자닌(일시자본) 26000000 별도 (원문 avgo:TemporaryEquityPreferredStockDividendObligation 26000000),1
Broadcom,AVGO,2021Q4,2022-01-30,분기말 총자본(자기자본),22968000000,USD,공시,https://www.sec.gov/Archives/edgar/data/1730168/000173016822000029/,,1
Broadcom,AVGO,2021Q4,2022-01-30,분기말 지배지분 자본,22968000000,USD,공시(비지배 없음),https://www.sec.gov/Archives/edgar/data/1730168/000173016822000029/,"StockholdersEquityIncludingPortionAttributableToNoncontrollingInterest, MinorityInterest 태그 없음",1
Broadcom,AVGO,2021Q4,2022-01-28,분기말 종가,560.1,USD,API,https://query1.finance.yahoo.com/v8/finance/chart/AVGO?interval=1d&events=splits (2022-01-28),분할조정 종가 56.01 × 이후 분할계수 10,1
Broadcom,AVGO,2021Q4,2022-02-25,분기말 상장주식수,408281170,주,공시(표지 기준일),https://www.sec.gov/Archives/edgar/data/1730168/000173016822000029/,dei:EntityCommonStockSharesOutstanding 클래스 합,1
Broadcom,AVGO,2021Q4,2022-01-28,분기말 시가총액,228678283317,USD,계산(종가×주식수),https://query1.finance.yahoo.com/v8/finance/chart/AVGO?interval=1d&events=splits (2022-01-28) ; https://www.sec.gov/Archives/edgar/data/1730168/000173016822000029/,종가 560.1 × 주식수 408281170,1
Broadcom,AVGO,2022Q1,2022-05-01,분기별 매출액,8103000000,USD,공시,https://www.sec.gov/Archives/edgar/data/1730168/000173016822000081/,,1
Broadcom,AVGO,2022Q1,2022-05-01,분기별 영업이익,3394000000,USD,공시,https://www.sec.gov/Archives/edgar/data/1730168/000173016822000081/,,1
Broadcom,AVGO,2022Q1,2022-05-01,분기별 당기순이익(지배),2590000000,USD,공시(비지배 없음),https://www.sec.gov/Archives/edgar/data/1730168/000173016822000081/,,1
Broadcom,AVGO,2022Q1,2022-05-01,분기별 영업활동현금흐름,4243000000,USD,계산(누적차감),https://www.sec.gov/Archives/edgar/data/1730168/000173016822000081/ ; https://www.sec.gov/Archives/edgar/data/1730168/000173016822000029/,누적 7729000000 − 직전누적 3486000000 (시작 2021-11-01),1
Broadcom,AVGO,2022Q1,2022-05-01,분기말 자산총계,71719000000,USD,공시,https://www.sec.gov/Archives/edgar/data/1730168/000173016822000081/,,1
Broadcom,AVGO,2022Q1,2022-05-01,분기말 부채총계,50729000000,USD,공시,https://www.sec.gov/Archives/edgar/data/1730168/000173016822000081/,메자닌(일시자본) 27000000 별도 (원문 avgo:TemporaryEquityPreferredStockDividendObligation 27000000),1
Broadcom,AVGO,2022Q1,2022-05-01,분기말 총자본(자기자본),20963000000,USD,공시,https://www.sec.gov/Archives/edgar/data/1730168/000173016822000081/,,1
Broadcom,AVGO,2022Q1,2022-05-01,분기말 지배지분 자본,20963000000,USD,공시(비지배 없음),https://www.sec.gov/Archives/edgar/data/1730168/000173016822000081/,"StockholdersEquityIncludingPortionAttributableToNoncontrollingInterest, MinorityInterest 태그 없음",1
Broadcom,AVGO,2022Q1,2022-04-29,분기말 종가,554.39,USD,API,https://query1.finance.yahoo.com/v8/finance/chart/AVGO?interval=1d&events=splits (2022-04-29),분할조정 종가 55.439 × 이후 분할계수 10,1
Broadcom,AVGO,2022Q1,2022-05-27,분기말 상장주식수,403817700,주,공시(표지 기준일),https://www.sec.gov/Archives/edgar/data/1730168/000173016822000081/,dei:EntityCommonStockSharesOutstanding 클래스 합,1
Broadcom,AVGO,2022Q1,2022-04-29,분기말 시가총액,223872494703,USD,계산(종가×주식수),https://query1.finance.yahoo.com/v8/finance/chart/AVGO?interval=1d&events=splits (2022-04-29) ; https://www.sec.gov/Archives/edgar/data/1730168/000173016822000081/,종가 554.39 × 주식수 403817700,1
Broadcom,AVGO,2022Q2,2022-07-31,분기별 매출액,8464000000,USD,공시,https://www.sec.gov/Archives/edgar/data/1730168/000173016822000094/,,1
Broadcom,AVGO,2022Q2,2022-07-31,분기별 영업이익,3737000000,USD,공시,https://www.sec.gov/Archives/edgar/data/1730168/000173016822000094/,,1
Broadcom,AVGO,2022Q2,2022-07-31,분기별 당기순이익(지배),3074000000,USD,공시(비지배 없음),https://www.sec.gov/Archives/edgar/data/1730168/000173016822000094/,,1
Broadcom,AVGO,2022Q2,2022-07-31,분기별 영업활동현금흐름,4424000000,USD,계산(누적차감),https://www.sec.gov/Archives/edgar/data/1730168/000173016822000094/ ; https://www.sec.gov/Archives/edgar/data/1730168/000173016822000081/,누적 12153000000 − 직전누적 7729000000 (시작 2021-11-01),1
Broadcom,AVGO,2022Q2,2022-07-31,분기말 자산총계,71326000000,USD,공시,https://www.sec.gov/Archives/edgar/data/1730168/000173016822000094/,,1
Broadcom,AVGO,2022Q2,2022-07-31,분기말 부채총계,50423000000,USD,공시,https://www.sec.gov/Archives/edgar/data/1730168/000173016822000094/,메자닌(일시자본) 27000000 별도 (원문 avgo:TemporaryEquityPreferredStockDividendObligation 27000000),1
Broadcom,AVGO,2022Q2,2022-07-31,분기말 총자본(자기자본),20876000000,USD,공시,https://www.sec.gov/Archives/edgar/data/1730168/000173016822000094/,,1
Broadcom,AVGO,2022Q2,2022-07-31,분기말 지배지분 자본,20876000000,USD,공시(비지배 없음),https://www.sec.gov/Archives/edgar/data/1730168/000173016822000094/,"StockholdersEquityIncludingPortionAttributableToNoncontrollingInterest, MinorityInterest 태그 없음",1
Broadcom,AVGO,2022Q2,2022-07-29,분기말 종가,535.48,USD,API,https://query1.finance.yahoo.com/v8/finance/chart/AVGO?interval=1d&events=splits (2022-07-29),분할조정 종가 53.548 × 이후 분할계수 10,1
Broadcom,AVGO,2022Q2,2022-08-26,분기말 상장주식수,405001456,주,공시(표지 기준일),https://www.sec.gov/Archives/edgar/data/1730168/000173016822000094/,dei:EntityCommonStockSharesOutstanding 클래스 합,1
Broadcom,AVGO,2022Q2,2022-07-29,분기말 시가총액,216870179659,USD,계산(종가×주식수),https://query1.finance.yahoo.com/v8/finance/chart/AVGO?interval=1d&events=splits (2022-07-29) ; https://www.sec.gov/Archives/edgar/data/1730168/000173016822000094/,종가 535.48 × 주식수 405001456,1
Broadcom,AVGO,2022Q3,2022-10-30,분기별 매출액,8930000000,USD,계산(연간-3분기누적),https://www.sec.gov/Archives/edgar/data/1730168/000173016822000118/ ; https://www.sec.gov/Archives/edgar/data/1730168/000173016822000094/,연간 33203000000 − 9개월누적 24273000000 (RevenueFromContractWithCustomerExcludingAssessedTax),1
Broadcom,AVGO,2022Q3,2022-10-30,분기별 영업이익,3986000000,USD,계산(연간-3분기누적),https://www.sec.gov/Archives/edgar/data/1730168/000173016822000118/ ; https://www.sec.gov/Archives/edgar/data/1730168/000173016822000094/,연간 14225000000 − 9개월누적 10239000000 (OperatingIncomeLoss),1
Broadcom,AVGO,2022Q3,2022-10-30,분기별 당기순이익(지배),3359000000,USD,"계산(연간-3분기누적, 비지배 없음)",https://www.sec.gov/Archives/edgar/data/1730168/000173016822000118/ ; https://www.sec.gov/Archives/edgar/data/1730168/000173016822000094/,연간 11495000000 − 9개월누적 8136000000 (ProfitLoss),1
Broadcom,AVGO,2022Q3,2022-10-30,분기별 영업활동현금흐름,4583000000,USD,계산(누적차감),https://www.sec.gov/Archives/edgar/data/1730168/000173016822000118/ ; https://www.sec.gov/Archives/edgar/data/1730168/000173016822000094/,누적 16736000000 − 직전누적 12153000000 (시작 2021-11-01),1
Broadcom,AVGO,2022Q3,2022-10-30,분기말 자산총계,73249000000,USD,공시,https://www.sec.gov/Archives/edgar/data/1730168/000173016822000118/,,1
Broadcom,AVGO,2022Q3,2022-10-30,분기말 부채총계,50540000000,USD,공시,https://www.sec.gov/Archives/edgar/data/1730168/000173016822000118/,,1
Broadcom,AVGO,2022Q3,2022-10-30,분기말 총자본(자기자본),22709000000,USD,공시,https://www.sec.gov/Archives/edgar/data/1730168/000173016822000118/,,1
Broadcom,AVGO,2022Q3,2022-10-30,분기말 지배지분 자본,22709000000,USD,공시(비지배 없음),https://www.sec.gov/Archives/edgar/data/1730168/000173016822000118/,"StockholdersEquityIncludingPortionAttributableToNoncontrollingInterest, MinorityInterest 태그 없음",1
Broadcom,AVGO,2022Q3,2022-10-28,분기말 종가,472.9,USD,API,https://query1.finance.yahoo.com/v8/finance/chart/AVGO?interval=1d&events=splits (2022-10-28),분할조정 종가 47.29 × 이후 분할계수 10,1
Broadcom,AVGO,2022Q3,2022-11-25,분기말 상장주식수,417886140,주,공시(표지 기준일),https://www.sec.gov/Archives/edgar/data/1730168/000173016822000118/,dei:EntityCommonStockSharesOutstanding 클래스 합,1
Broadcom,AVGO,2022Q3,2022-10-28,분기말 시가총액,197618355606,USD,계산(종가×주식수),https://query1.finance.yahoo.com/v8/finance/chart/AVGO?interval=1d&events=splits (2022-10-28) ; https://www.sec.gov/Archives/edgar/data/1730168/000173016822000118/,종가 472.9 × 주식수 417886140,1
Broadcom,AVGO,2022Q4,2023-01-29,분기별 매출액,8915000000,USD,공시,https://www.sec.gov/Archives/edgar/data/1730168/000173016823000008/,,1
Broadcom,AVGO,2022Q4,2023-01-29,분기별 영업이익,4103000000,USD,공시,https://www.sec.gov/Archives/edgar/data/1730168/000173016823000008/,,1
Broadcom,AVGO,2022Q4,2023-01-29,분기별 당기순이익(지배),3774000000,USD,공시(비지배 없음),https://www.sec.gov/Archives/edgar/data/1730168/000173016823000008/,,1
Broadcom,AVGO,2022Q4,2023-01-29,분기별 영업활동현금흐름,4036000000,USD,공시,https://www.sec.gov/Archives/edgar/data/1730168/000173016823000008/,,1
Broadcom,AVGO,2022Q4,2023-01-29,분기말 자산총계,72976000000,USD,공시,https://www.sec.gov/Archives/edgar/data/1730168/000173016823000008/,,1
Broadcom,AVGO,2022Q4,2023-01-29,분기말 부채총계,49666000000,USD,공시,https://www.sec.gov/Archives/edgar/data/1730168/000173016823000008/,,1
Broadcom,AVGO,2022Q4,2023-01-29,분기말 총자본(자기자본),23310000000,USD,공시,https://www.sec.gov/Archives/edgar/data/1730168/000173016823000008/,,1
Broadcom,AVGO,2022Q4,2023-01-29,분기말 지배지분 자본,23310000000,USD,공시(비지배 없음),https://www.sec.gov/Archives/edgar/data/1730168/000173016823000008/,"StockholdersEquityIncludingPortionAttributableToNoncontrollingInterest, MinorityInterest 태그 없음",1
Broadcom,AVGO,2022Q4,2023-01-27,분기말 종가,590.99,USD,API,https://query1.finance.yahoo.com/v8/finance/chart/AVGO?interval=1d&events=splits (2023-01-27),분할조정 종가 59.099 × 이후 분할계수 10,1
Broadcom,AVGO,2022Q4,2023-02-24,분기말 상장주식수,416923664,주,공시(표지 기준일),https://www.sec.gov/Archives/edgar/data/1730168/000173016823000008/,dei:EntityCommonStockSharesOutstanding 클래스 합,1
Broadcom,AVGO,2022Q4,2023-01-27,분기말 시가총액,246397716187,USD,계산(종가×주식수),https://query1.finance.yahoo.com/v8/finance/chart/AVGO?interval=1d&events=splits (2023-01-27) ; https://www.sec.gov/Archives/edgar/data/1730168/000173016823000008/,종가 590.99 × 주식수 416923664,1
Broadcom,AVGO,2023Q1,2023-04-30,분기별 매출액,8733000000,USD,공시,https://www.sec.gov/Archives/edgar/data/1730168/000173016823000064/,,1
Broadcom,AVGO,2023Q1,2023-04-30,분기별 영업이익,4008000000,USD,공시,https://www.sec.gov/Archives/edgar/data/1730168/000173016823000064/,,1
Broadcom,AVGO,2023Q1,2023-04-30,분기별 당기순이익(지배),3481000000,USD,공시(비지배 없음),https://www.sec.gov/Archives/edgar/data/1730168/000173016823000064/,,1
Broadcom,AVGO,2023Q1,2023-04-30,분기별 영업활동현금흐름,4502000000,USD,계산(누적차감),https://www.sec.gov/Archives/edgar/data/1730168/000173016823000064/ ; https://www.sec.gov/Archives/edgar/data/1730168/000173016823000008/,누적 8538000000 − 직전누적 4036000000 (시작 2022-10-31),1
Broadcom,AVGO,2023Q1,2023-04-30,분기말 자산총계,71667000000,USD,공시,https://www.sec.gov/Archives/edgar/data/1730168/000173016823000064/,,1
Broadcom,AVGO,2023Q1,2023-04-30,분기말 부채총계,49660000000,USD,공시,https://www.sec.gov/Archives/edgar/data/1730168/000173016823000064/,,1
Broadcom,AVGO,2023Q1,2023-04-30,분기말 총자본(자기자본),22007000000,USD,공시,https://www.sec.gov/Archives/edgar/data/1730168/000173016823000064/,,1
Broadcom,AVGO,2023Q1,2023-04-30,분기말 지배지분 자본,22007000000,USD,공시(비지배 없음),https://www.sec.gov/Archives/edgar/data/1730168/000173016823000064/,"StockholdersEquityIncludingPortionAttributableToNoncontrollingInterest, MinorityInterest 태그 없음",1
Broadcom,AVGO,2023Q1,2023-04-28,분기말 종가,626.5,USD,API,https://query1.finance.yahoo.com/v8/finance/chart/AVGO?interval=1d&events=splits (2023-04-28),분할조정 종가 62.65 × 이후 분할계수 10,1
Broadcom,AVGO,2023Q1,2023-05-26,분기말 상장주식수,412685405,주,공시(표지 기준일),https://www.sec.gov/Archives/edgar/data/1730168/000173016823000064/,dei:EntityCommonStockSharesOutstanding 클래스 합,1
Broadcom,AVGO,2023Q1,2023-04-28,분기말 시가총액,258547406232,USD,계산(종가×주식수),https://query1.finance.yahoo.com/v8/finance/chart/AVGO?interval=1d&events=splits (2023-04-28) ; https://www.sec.gov/Archives/edgar/data/1730168/000173016823000064/,종가 626.5 × 주식수 412685405,1
Broadcom,AVGO,2023Q2,2023-07-30,분기별 매출액,8876000000,USD,공시,https://www.sec.gov/Archives/edgar/data/1730168/000173016823000077/,,1
Broadcom,AVGO,2023Q2,2023-07-30,분기별 영업이익,3856000000,USD,공시,https://www.sec.gov/Archives/edgar/data/1730168/000173016823000077/,,1
Broadcom,AVGO,2023Q2,2023-07-30,분기별 당기순이익(지배),3303000000,USD,공시(비지배 없음),https://www.sec.gov/Archives/edgar/data/1730168/000173016823000077/,,1
Broadcom,AVGO,2023Q2,2023-07-30,분기별 영업활동현금흐름,4719000000,USD,계산(누적차감),https://www.sec.gov/Archives/edgar/data/1730168/000173016823000077/ ; https://www.sec.gov/Archives/edgar/data/1730168/000173016823000064/,누적 13257000000 − 직전누적 8538000000 (시작 2022-10-31),1
Broadcom,AVGO,2023Q2,2023-07-30,분기말 자산총계,71595000000,USD,공시,https://www.sec.gov/Archives/edgar/data/1730168/000173016823000077/,,1
Broadcom,AVGO,2023Q2,2023-07-30,분기말 부채총계,49516000000,USD,공시,https://www.sec.gov/Archives/edgar/data/1730168/000173016823000077/,,1
Broadcom,AVGO,2023Q2,2023-07-30,분기말 총자본(자기자본),22079000000,USD,공시,https://www.sec.gov/Archives/edgar/data/1730168/000173016823000077/,,1
Broadcom,AVGO,2023Q2,2023-07-30,분기말 지배지분 자본,22079000000,USD,공시(비지배 없음),https://www.sec.gov/Archives/edgar/data/1730168/000173016823000077/,"StockholdersEquityIncludingPortionAttributableToNoncontrollingInterest, MinorityInterest 태그 없음",1
Broadcom,AVGO,2023Q2,2023-07-28,분기말 종가,899.79,USD,API,https://query1.finance.yahoo.com/v8/finance/chart/AVGO?interval=1d&events=splits (2023-07-28),분할조정 종가 89.979 × 이후 분할계수 10,1
Broadcom,AVGO,2023Q2,2023-08-25,분기말 상장주식수,412735504,주,공시(표지 기준일),https://www.sec.gov/Archives/edgar/data/1730168/000173016823000077/,dei:EntityCommonStockSharesOutstanding 클래스 합,1
Broadcom,AVGO,2023Q2,2023-07-28,분기말 시가총액,371375279144,USD,계산(종가×주식수),https://query1.finance.yahoo.com/v8/finance/chart/AVGO?interval=1d&events=splits (2023-07-28) ; https://www.sec.gov/Archives/edgar/data/1730168/000173016823000077/,종가 899.79 × 주식수 412735504,1
Broadcom,AVGO,2023Q3,2023-10-29,분기별 매출액,9295000000,USD,계산(연간-3분기누적),https://www.sec.gov/Archives/edgar/data/1730168/000173016823000096/ ; https://www.sec.gov/Archives/edgar/data/1730168/000173016823000077/,연간 35819000000 − 9개월누적 26524000000 (RevenueFromContractWithCustomerExcludingAssessedTax),1
Broadcom,AVGO,2023Q3,2023-10-29,분기별 영업이익,4240000000,USD,계산(연간-3분기누적),https://www.sec.gov/Archives/edgar/data/1730168/000173016823000096/ ; https://www.sec.gov/Archives/edgar/data/1730168/000173016823000077/,연간 16207000000 − 9개월누적 11967000000 (OperatingIncomeLoss),1
Broadcom,AVGO,2023Q3,2023-10-29,분기별 당기순이익(지배),3524000000,USD,"계산(연간-3분기누적, 비지배 없음)",https://www.sec.gov/Archives/edgar/data/1730168/000173016823000096/ ; https://www.sec.gov/Archives/edgar/data/1730168/000173016823000077/,연간 14082000000 − 9개월누적 10558000000 (ProfitLoss),1
Broadcom,AVGO,2023Q3,2023-10-29,분기별 영업활동현금흐름,4828000000,USD,계산(누적차감),https://www.sec.gov/Archives/edgar/data/1730168/000173016823000096/ ; https://www.sec.gov/Archives/edgar/data/1730168/000173016823000077/,누적 18085000000 − 직전누적 13257000000 (시작 2022-10-31),1
Broadcom,AVGO,2023Q3,2023-10-29,분기말 자산총계,72861000000,USD,공시,https://www.sec.gov/Archives/edgar/data/1730168/000173016823000096/,,1
Broadcom,AVGO,2023Q3,2023-10-29,분기말 부채총계,48873000000,USD,공시,https://www.sec.gov/Archives/edgar/data/1730168/000173016823000096/,,1
Broadcom,AVGO,2023Q3,2023-10-29,분기말 총자본(자기자본),23988000000,USD,공시,https://www.sec.gov/Archives/edgar/data/1730168/000173016823000096/,,1
Broadcom,AVGO,2023Q3,2023-10-29,분기말 지배지분 자본,23988000000,USD,공시(비지배 없음),https://www.sec.gov/Archives/edgar/data/1730168/000173016823000096/,"StockholdersEquityIncludingPortionAttributableToNoncontrollingInterest, MinorityInterest 태그 없음",1
Broadcom,AVGO,2023Q3,2023-10-27,분기말 종가,838.36,USD,API,https://query1.finance.yahoo.com/v8/finance/chart/AVGO?interval=1d&events=splits (2023-10-27),분할조정 종가 83.836 × 이후 분할계수 10,1
Broadcom,AVGO,2023Q3,2023-11-24,분기말 상장주식수,468140569,주,공시(표지 기준일),https://www.sec.gov/Archives/edgar/data/1730168/000173016823000096/,dei:EntityCommonStockSharesOutstanding 클래스 합,1
Broadcom,AVGO,2023Q3,2023-10-27,분기말 시가총액,392470327427,USD,계산(종가×주식수),https://query1.finance.yahoo.com/v8/finance/chart/AVGO?interval=1d&events=splits (2023-10-27) ; https://www.sec.gov/Archives/edgar/data/1730168/000173016823000096/,종가 838.36 × 주식수 468140569,1
Broadcom,AVGO,2023Q4,2024-02-04,분기별 매출액,11961000000,USD,공시,https://www.sec.gov/Archives/edgar/data/1730168/000173016824000023/,,1
Broadcom,AVGO,2023Q4,2024-02-04,분기별 영업이익,2083000000,USD,공시,https://www.sec.gov/Archives/edgar/data/1730168/000173016824000023/,,1
Broadcom,AVGO,2023Q4,2024-02-04,분기별 당기순이익(지배),1325000000,USD,공시(비지배 없음),https://www.sec.gov/Archives/edgar/data/1730168/000173016824000023/,,1
Broadcom,AVGO,2023Q4,2024-02-04,분기별 영업활동현금흐름,4815000000,USD,공시,https://www.sec.gov/Archives/edgar/data/1730168/000173016824000023/,,1
Broadcom,AVGO,2023Q4,2024-02-04,분기말 자산총계,177870000000,USD,공시,https://www.sec.gov/Archives/edgar/data/1730168/000173016824000023/,,1
Broadcom,AVGO,2023Q4,2024-02-04,분기말 부채총계,107586000000,USD,공시,https://www.sec.gov/Archives/edgar/data/1730168/000173016824000023/,,1
Broadcom,AVGO,2023Q4,2024-02-04,분기말 총자본(자기자본),70284000000,USD,공시,https://www.sec.gov/Archives/edgar/data/1730168/000173016824000023/,,1
Broadcom,AVGO,2023Q4,2024-02-04,분기말 지배지분 자본,70284000000,USD,공시(비지배 없음),https://www.sec.gov/Archives/edgar/data/1730168/000173016824000023/,"StockholdersEquityIncludingPortionAttributableToNoncontrollingInterest, MinorityInterest 태그 없음",1
Broadcom,AVGO,2023Q4,2024-02-02,분기말 종가,1224.34,USD,API,https://query1.finance.yahoo.com/v8/finance/chart/AVGO?interval=1d&events=splits (2024-02-02),분할조정 종가 122.434 × 이후 분할계수 10,1
Broadcom,AVGO,2023Q4,2024-03-01,분기말 상장주식수,463421237,주,공시(표지 기준일),https://www.sec.gov/Archives/edgar/data/1730168/000173016824000023/,dei:EntityCommonStockSharesOutstanding 클래스 합,1
Broadcom,AVGO,2023Q4,2024-02-02,분기말 시가총액,567385157309,USD,계산(종가×주식수),https://query1.finance.yahoo.com/v8/finance/chart/AVGO?interval=1d&events=splits (2024-02-02) ; https://www.sec.gov/Archives/edgar/data/1730168/000173016824000023/,종가 1224.34 × 주식수 463421237,1
Broadcom,AVGO,2024Q1,2024-05-05,분기별 매출액,12487000000,USD,공시,https://www.sec.gov/Archives/edgar/data/1730168/000173016824000080/,,1
Broadcom,AVGO,2024Q1,2024-05-05,분기별 영업이익,2965000000,USD,공시,https://www.sec.gov/Archives/edgar/data/1730168/000173016824000080/,,1
Broadcom,AVGO,2024Q1,2024-05-05,분기별 당기순이익(지배),2121000000,USD,공시(비지배 없음),https://www.sec.gov/Archives/edgar/data/1730168/000173016824000080/,,1
Broadcom,AVGO,2024Q1,2024-05-05,분기별 영업활동현금흐름,4580000000,USD,계산(누적차감),https://www.sec.gov/Archives/edgar/data/1730168/000173016824000080/ ; https://www.sec.gov/Archives/edgar/data/1730168/000173016824000023/,누적 9395000000 − 직전누적 4815000000 (시작 2023-10-30),1
Broadcom,AVGO,2024Q1,2024-05-05,분기말 자산총계,175211000000,USD,공시,https://www.sec.gov/Archives/edgar/data/1730168/000173016824000080/,,1
Broadcom,AVGO,2024Q1,2024-05-05,분기말 부채총계,105250000000,USD,공시,https://www.sec.gov/Archives/edgar/data/1730168/000173016824000080/,,1
Broadcom,AVGO,2024Q1,2024-05-05,분기말 총자본(자기자본),69961000000,USD,공시,https://www.sec.gov/Archives/edgar/data/1730168/000173016824000080/,,1
Broadcom,AVGO,2024Q1,2024-05-05,분기말 지배지분 자본,69961000000,USD,공시(비지배 없음),https://www.sec.gov/Archives/edgar/data/1730168/000173016824000080/,"StockholdersEquityIncludingPortionAttributableToNoncontrollingInterest, MinorityInterest 태그 없음",1
Broadcom,AVGO,2024Q1,2024-05-03,분기말 종가,1278.11,USD,API,https://query1.finance.yahoo.com/v8/finance/chart/AVGO?interval=1d&events=splits (2024-05-03),분할조정 종가 127.811 × 이후 분할계수 10,1
Broadcom,AVGO,2024Q1,2024-05-31,분기말 상장주식수,465488374,주,공시(표지 기준일),https://www.sec.gov/Archives/edgar/data/1730168/000173016824000080/,dei:EntityCommonStockSharesOutstanding 클래스 합,1
Broadcom,AVGO,2024Q1,2024-05-03,분기말 시가총액,594945345693,USD,계산(종가×주식수),https://query1.finance.yahoo.com/v8/finance/chart/AVGO?interval=1d&events=splits (2024-05-03) ; https://www.sec.gov/Archives/edgar/data/1730168/000173016824000080/,종가 1278.11 × 주식수 465488374,1
Broadcom,AVGO,2024Q2,2024-08-04,분기별 매출액,13072000000,USD,공시,https://www.sec.gov/Archives/edgar/data/1730168/000173016824000099/,,1
Broadcom,AVGO,2024Q2,2024-08-04,분기별 영업이익,3788000000,USD,공시,https://www.sec.gov/Archives/edgar/data/1730168/000173016824000099/,,1
Broadcom,AVGO,2024Q2,2024-08-04,분기별 당기순이익(지배),-1875000000,USD,공시(비지배 없음),https://www.sec.gov/Archives/edgar/data/1730168/000173016824000099/,,1
Broadcom,AVGO,2024Q2,2024-08-04,분기별 영업활동현금흐름,4963000000,USD,계산(누적차감),https://www.sec.gov/Archives/edgar/data/1730168/000173016824000099/ ; https://www.sec.gov/Archives/edgar/data/1730168/000173016824000080/,누적 14358000000 − 직전누적 9395000000 (시작 2023-10-30),1
Broadcom,AVGO,2024Q2,2024-08-04,분기말 자산총계,167966000000,USD,공시,https://www.sec.gov/Archives/edgar/data/1730168/000173016824000099/,,1
Broadcom,AVGO,2024Q2,2024-08-04,분기말 부채총계,102315000000,USD,공시,https://www.sec.gov/Archives/edgar/data/1730168/000173016824000099/,,1
Broadcom,AVGO,2024Q2,2024-08-04,분기말 총자본(자기자본),65651000000,USD,공시,https://www.sec.gov/Archives/edgar/data/1730168/000173016824000099/,,1
Broadcom,AVGO,2024Q2,2024-08-04,분기말 지배지분 자본,65651000000,USD,공시(비지배 없음),https://www.sec.gov/Archives/edgar/data/1730168/000173016824000099/,"StockholdersEquityIncludingPortionAttributableToNoncontrollingInterest, MinorityInterest 태그 없음",1
Broadcom,AVGO,2024Q2,2024-08-02,분기말 종가,143.82,USD,API,https://query1.finance.yahoo.com/v8/finance/chart/AVGO?interval=1d&events=splits (2024-08-02),,1
Broadcom,AVGO,2024Q2,2024-08-30,분기말 상장주식수,4670576083,주,공시(표지 기준일),https://www.sec.gov/Archives/edgar/data/1730168/000173016824000099/,dei:EntityCommonStockSharesOutstanding 클래스 합,1
Broadcom,AVGO,2024Q2,2024-08-02,분기말 시가총액,671722252257,USD,계산(종가×주식수),https://query1.finance.yahoo.com/v8/finance/chart/AVGO?interval=1d&events=splits (2024-08-02) ; https://www.sec.gov/Archives/edgar/data/1730168/000173016824000099/,종가 143.82 × 주식수 4670576083,1
Broadcom,AVGO,2024Q3,2024-11-03,분기별 매출액,14054000000,USD,계산(연간-3분기누적),https://www.sec.gov/Archives/edgar/data/1730168/000173016824000139/ ; https://www.sec.gov/Archives/edgar/data/1730168/000173016824000099/,연간 51574000000 − 9개월누적 37520000000 (RevenueFromContractWithCustomerExcludingAssessedTax),1
Broadcom,AVGO,2024Q3,2024-11-03,분기별 영업이익,4627000000,USD,계산(연간-3분기누적),https://www.sec.gov/Archives/edgar/data/1730168/000173016824000139/ ; https://www.sec.gov/Archives/edgar/data/1730168/000173016824000099/,연간 13463000000 − 9개월누적 8836000000 (OperatingIncomeLoss),1
Broadcom,AVGO,2024Q3,2024-11-03,분기별 당기순이익(지배),4324000000,USD,"계산(연간-3분기누적, 비지배 없음)",https://www.sec.gov/Archives/edgar/data/1730168/000173016824000139/ ; https://www.sec.gov/Archives/edgar/data/1730168/000173016824000099/,연간 5895000000 − 9개월누적 1571000000 (ProfitLoss),1
Broadcom,AVGO,2024Q3,2024-11-03,분기별 영업활동현금흐름,5604000000,USD,계산(누적차감),https://www.sec.gov/Archives/edgar/data/1730168/000173016824000139/ ; https://www.sec.gov/Archives/edgar/data/1730168/000173016824000099/,누적 19962000000 − 직전누적 14358000000 (시작 2023-10-30),1
Broadcom,AVGO,2024Q3,2024-11-03,분기말 자산총계,165645000000,USD,공시,https://www.sec.gov/Archives/edgar/data/1730168/000173016824000139/,,1
Broadcom,AVGO,2024Q3,2024-11-03,분기말 부채총계,97967000000,USD,공시,https://www.sec.gov/Archives/edgar/data/1730168/000173016824000139/,,1
Broadcom,AVGO,2024Q3,2024-11-03,분기말 총자본(자기자본),67678000000,USD,공시,https://www.sec.gov/Archives/edgar/data/1730168/000173016824000139/,,1
Broadcom,AVGO,2024Q3,2024-11-03,분기말 지배지분 자본,67678000000,USD,공시(비지배 없음),https://www.sec.gov/Archives/edgar/data/1730168/000173016824000139/,"StockholdersEquityIncludingPortionAttributableToNoncontrollingInterest, MinorityInterest 태그 없음",1
Broadcom,AVGO,2024Q3,2024-11-01,분기말 종가,168.92,USD,API,https://query1.finance.yahoo.com/v8/finance/chart/AVGO?interval=1d&events=splits (2024-11-01),,1
Broadcom,AVGO,2024Q3,2024-11-29,분기말 상장주식수,4687356156,주,공시(표지 기준일),https://www.sec.gov/Archives/edgar/data/1730168/000173016824000139/,dei:EntityCommonStockSharesOutstanding 클래스 합,1
Broadcom,AVGO,2024Q3,2024-11-01,분기말 시가총액,791788201872,USD,계산(종가×주식수),https://query1.finance.yahoo.com/v8/finance/chart/AVGO?interval=1d&events=splits (2024-11-01) ; https://www.sec.gov/Archives/edgar/data/1730168/000173016824000139/,종가 168.92 × 주식수 4687356156,1
Broadcom,AVGO,2024Q4,2025-02-02,분기별 매출액,14916000000,USD,공시,https://www.sec.gov/Archives/edgar/data/1730168/000173016825000021/,,1
Broadcom,AVGO,2024Q4,2025-02-02,분기별 영업이익,6260000000,USD,공시,https://www.sec.gov/Archives/edgar/data/1730168/000173016825000021/,,1
Broadcom,AVGO,2024Q4,2025-02-02,분기별 당기순이익(지배),5503000000,USD,공시(비지배 없음),https://www.sec.gov/Archives/edgar/data/1730168/000173016825000021/,,1
Broadcom,AVGO,2024Q4,2025-02-02,분기별 영업활동현금흐름,6113000000,USD,공시,https://www.sec.gov/Archives/edgar/data/1730168/000173016825000021/,,1
Broadcom,AVGO,2024Q4,2025-02-02,분기말 자산총계,165358000000,USD,공시,https://www.sec.gov/Archives/edgar/data/1730168/000173016825000021/,,1
Broadcom,AVGO,2024Q4,2025-02-02,분기말 부채총계,95569000000,USD,공시,https://www.sec.gov/Archives/edgar/data/1730168/000173016825000021/,,1
Broadcom,AVGO,2024Q4,2025-02-02,분기말 총자본(자기자본),69789000000,USD,공시,https://www.sec.gov/Archives/edgar/data/1730168/000173016825000021/,,1
Broadcom,AVGO,2024Q4,2025-02-02,분기말 지배지분 자본,69789000000,USD,공시(비지배 없음),https://www.sec.gov/Archives/edgar/data/1730168/000173016825000021/,"StockholdersEquityIncludingPortionAttributableToNoncontrollingInterest, MinorityInterest 태그 없음",1
Broadcom,AVGO,2024Q4,2025-01-31,분기말 종가,221.27,USD,API,https://query1.finance.yahoo.com/v8/finance/chart/AVGO?interval=1d&events=splits (2025-01-31),,1
Broadcom,AVGO,2024Q4,2025-02-28,분기말 상장주식수,4701948717,주,공시(표지 기준일),https://www.sec.gov/Archives/edgar/data/1730168/000173016825000021/,dei:EntityCommonStockSharesOutstanding 클래스 합,1
Broadcom,AVGO,2024Q4,2025-01-31,분기말 시가총액,1040400192611,USD,계산(종가×주식수),https://query1.finance.yahoo.com/v8/finance/chart/AVGO?interval=1d&events=splits (2025-01-31) ; https://www.sec.gov/Archives/edgar/data/1730168/000173016825000021/,종가 221.27 × 주식수 4701948717,1
Broadcom,AVGO,2025Q1,2025-05-04,분기별 매출액,15004000000,USD,공시,https://www.sec.gov/Archives/edgar/data/1730168/000173016825000064/,,1
Broadcom,AVGO,2025Q1,2025-05-04,분기별 영업이익,5829000000,USD,공시,https://www.sec.gov/Archives/edgar/data/1730168/000173016825000064/,,1
Broadcom,AVGO,2025Q1,2025-05-04,분기별 당기순이익(지배),4965000000,USD,공시(비지배 없음),https://www.sec.gov/Archives/edgar/data/1730168/000173016825000064/,,1
Broadcom,AVGO,2025Q1,2025-05-04,분기별 영업활동현금흐름,6555000000,USD,계산(누적차감),https://www.sec.gov/Archives/edgar/data/1730168/000173016825000064/ ; https://www.sec.gov/Archives/edgar/data/1730168/000173016825000021/,누적 12668000000 − 직전누적 6113000000 (시작 2024-11-04),1
Broadcom,AVGO,2025Q1,2025-05-04,분기말 자산총계,164630000000,USD,공시,https://www.sec.gov/Archives/edgar/data/1730168/000173016825000064/,,1
Broadcom,AVGO,2025Q1,2025-05-04,분기말 부채총계,95044000000,USD,공시,https://www.sec.gov/Archives/edgar/data/1730168/000173016825000064/,,1
Broadcom,AVGO,2025Q1,2025-05-04,분기말 총자본(자기자본),69586000000,USD,공시,https://www.sec.gov/Archives/edgar/data/1730168/000173016825000064/,,1
Broadcom,AVGO,2025Q1,2025-05-04,분기말 지배지분 자본,69586000000,USD,공시(비지배 없음),https://www.sec.gov/Archives/edgar/data/1730168/000173016825000064/,"StockholdersEquityIncludingPortionAttributableToNoncontrollingInterest, MinorityInterest 태그 없음",1
Broadcom,AVGO,2025Q1,2025-05-02,분기말 종가,203.64,USD,API,https://query1.finance.yahoo.com/v8/finance/chart/AVGO?interval=1d&events=splits (2025-05-02),,1
Broadcom,AVGO,2025Q1,2025-05-30,분기말 상장주식수,4703470979,주,공시(표지 기준일),https://www.sec.gov/Archives/edgar/data/1730168/000173016825000064/,dei:EntityCommonStockSharesOutstanding 클래스 합,1
Broadcom,AVGO,2025Q1,2025-05-02,분기말 시가총액,957814830164,USD,계산(종가×주식수),https://query1.finance.yahoo.com/v8/finance/chart/AVGO?interval=1d&events=splits (2025-05-02) ; https://www.sec.gov/Archives/edgar/data/1730168/000173016825000064/,종가 203.64 × 주식수 4703470979,1
Broadcom,AVGO,2025Q2,2025-08-03,분기별 매출액,15952000000,USD,공시,https://www.sec.gov/Archives/edgar/data/1730168/000173016825000098/,,1
Broadcom,AVGO,2025Q2,2025-08-03,분기별 영업이익,5887000000,USD,공시,https://www.sec.gov/Archives/edgar/data/1730168/000173016825000098/,,1
Broadcom,AVGO,2025Q2,2025-08-03,분기별 당기순이익(지배),4140000000,USD,공시(비지배 없음),https://www.sec.gov/Archives/edgar/data/1730168/000173016825000098/,,1
Broadcom,AVGO,2025Q2,2025-08-03,분기별 영업활동현금흐름,7166000000,USD,계산(누적차감),https://www.sec.gov/Archives/edgar/data/1730168/000173016825000098/ ; https://www.sec.gov/Archives/edgar/data/1730168/000173016825000064/,누적 19834000000 − 직전누적 12668000000 (시작 2024-11-04),1
Broadcom,AVGO,2025Q2,2025-08-03,분기말 자산총계,165621000000,USD,공시,https://www.sec.gov/Archives/edgar/data/1730168/000173016825000098/,,1
Broadcom,AVGO,2025Q2,2025-08-03,분기말 부채총계,92344000000,USD,공시,https://www.sec.gov/Archives/edgar/data/1730168/000173016825000098/,,1
Broadcom,AVGO,2025Q2,2025-08-03,분기말 총자본(자기자본),73277000000,USD,공시,https://www.sec.gov/Archives/edgar/data/1730168/000173016825000098/,,1
Broadcom,AVGO,2025Q2,2025-08-03,분기말 지배지분 자본,73277000000,USD,공시(비지배 없음),https://www.sec.gov/Archives/edgar/data/1730168/000173016825000098/,"StockholdersEquityIncludingPortionAttributableToNoncontrollingInterest, MinorityInterest 태그 없음",1
Broadcom,AVGO,2025Q2,2025-08-01,분기말 종가,288.64,USD,API,https://query1.finance.yahoo.com/v8/finance/chart/AVGO?interval=1d&events=splits (2025-08-01),,1
Broadcom,AVGO,2025Q2,2025-08-29,분기말 상장주식수,4722365022,주,공시(표지 기준일),https://www.sec.gov/Archives/edgar/data/1730168/000173016825000098/,dei:EntityCommonStockSharesOutstanding 클래스 합,1
Broadcom,AVGO,2025Q2,2025-08-01,분기말 시가총액,1363063439950,USD,계산(종가×주식수),https://query1.finance.yahoo.com/v8/finance/chart/AVGO?interval=1d&events=splits (2025-08-01) ; https://www.sec.gov/Archives/edgar/data/1730168/000173016825000098/,종가 288.64 × 주식수 4722365022,1
Broadcom,AVGO,2025Q3,2025-11-02,분기별 매출액,18015000000,USD,계산(연간-3분기누적),https://www.sec.gov/Archives/edgar/data/1730168/000173016825000121/ ; https://www.sec.gov/Archives/edgar/data/1730168/000173016825000098/,연간 63887000000 − 9개월누적 45872000000 (RevenueFromContractWithCustomerExcludingAssessedTax),1
Broadcom,AVGO,2025Q3,2025-11-02,분기별 영업이익,7508000000,USD,계산(연간-3분기누적),https://www.sec.gov/Archives/edgar/data/1730168/000173016825000121/ ; https://www.sec.gov/Archives/edgar/data/1730168/000173016825000098/,연간 25484000000 − 9개월누적 17976000000 (OperatingIncomeLoss),1
Broadcom,AVGO,2025Q3,2025-11-02,분기별 당기순이익(지배),8518000000,USD,"계산(연간-3분기누적, 비지배 없음)",https://www.sec.gov/Archives/edgar/data/1730168/000173016825000121/ ; https://www.sec.gov/Archives/edgar/data/1730168/000173016825000098/,연간 23126000000 − 9개월누적 14608000000 (ProfitLoss),1
Broadcom,AVGO,2025Q3,2025-11-02,분기별 영업활동현금흐름,7703000000,USD,계산(누적차감),https://www.sec.gov/Archives/edgar/data/1730168/000173016825000121/ ; https://www.sec.gov/Archives/edgar/data/1730168/000173016825000098/,누적 27537000000 − 직전누적 19834000000 (시작 2024-11-04),1
Broadcom,AVGO,2025Q3,2025-11-02,분기말 자산총계,171092000000,USD,공시,https://www.sec.gov/Archives/edgar/data/1730168/000173016825000121/,,1
Broadcom,AVGO,2025Q3,2025-11-02,분기말 부채총계,89800000000,USD,공시,https://www.sec.gov/Archives/edgar/data/1730168/000173016825000121/,,1
Broadcom,AVGO,2025Q3,2025-11-02,분기말 총자본(자기자본),81292000000,USD,공시,https://www.sec.gov/Archives/edgar/data/1730168/000173016825000121/,,1
Broadcom,AVGO,2025Q3,2025-11-02,분기말 지배지분 자본,81292000000,USD,공시(비지배 없음),https://www.sec.gov/Archives/edgar/data/1730168/000173016825000121/,"StockholdersEquityIncludingPortionAttributableToNoncontrollingInterest, MinorityInterest 태그 없음",1
Broadcom,AVGO,2025Q3,2025-10-31,분기말 종가,369.63,USD,API,https://query1.finance.yahoo.com/v8/finance/chart/AVGO?interval=1d&events=splits (2025-10-31),,1
Broadcom,AVGO,2025Q3,2025-11-28,분기말 상장주식수,4741273799,주,공시(표지 기준일),https://www.sec.gov/Archives/edgar/data/1730168/000173016825000121/,dei:EntityCommonStockSharesOutstanding 클래스 합,1
Broadcom,AVGO,2025Q3,2025-10-31,분기말 시가총액,1752517034324,USD,계산(종가×주식수),https://query1.finance.yahoo.com/v8/finance/chart/AVGO?interval=1d&events=splits (2025-10-31) ; https://www.sec.gov/Archives/edgar/data/1730168/000173016825000121/,종가 369.63 × 주식수 4741273799,1
Broadcom,AVGO,2025Q4,2026-02-01,분기별 매출액,19311000000,USD,공시,https://www.sec.gov/Archives/edgar/data/1730168/000173016826000016/,,1
Broadcom,AVGO,2025Q4,2026-02-01,분기별 영업이익,8563000000,USD,공시,https://www.sec.gov/Archives/edgar/data/1730168/000173016826000016/,,1
Broadcom,AVGO,2025Q4,2026-02-01,분기별 당기순이익(지배),7349000000,USD,공시(비지배 없음),https://www.sec.gov/Archives/edgar/data/1730168/000173016826000016/,,1
Broadcom,AVGO,2025Q4,2026-02-01,분기별 영업활동현금흐름,8260000000,USD,공시,https://www.sec.gov/Archives/edgar/data/1730168/000173016826000016/,,1
Broadcom,AVGO,2025Q4,2026-02-01,분기말 자산총계,169903000000,USD,공시,https://www.sec.gov/Archives/edgar/data/1730168/000173016826000016/,,1
Broadcom,AVGO,2025Q4,2026-02-01,분기말 부채총계,90031000000,USD,공시,https://www.sec.gov/Archives/edgar/data/1730168/000173016826000016/,,1
Broadcom,AVGO,2025Q4,2026-02-01,분기말 총자본(자기자본),79872000000,USD,공시,https://www.sec.gov/Archives/edgar/data/1730168/000173016826000016/,,1
Broadcom,AVGO,2025Q4,2026-02-01,분기말 지배지분 자본,79872000000,USD,공시(비지배 없음),https://www.sec.gov/Archives/edgar/data/1730168/000173016826000016/,"StockholdersEquityIncludingPortionAttributableToNoncontrollingInterest, MinorityInterest 태그 없음",1
Broadcom,AVGO,2025Q4,2026-01-30,분기말 종가,331.3,USD,API,https://query1.finance.yahoo.com/v8/finance/chart/AVGO?interval=1d&events=splits (2026-01-30),,1
Broadcom,AVGO,2025Q4,2026-02-27,분기말 상장주식수,4734668184,주,공시(표지 기준일),https://www.sec.gov/Archives/edgar/data/1730168/000173016826000016/,dei:EntityCommonStockSharesOutstanding 클래스 합,1
Broadcom,AVGO,2025Q4,2026-01-30,분기말 시가총액,1568595569359,USD,계산(종가×주식수),https://query1.finance.yahoo.com/v8/finance/chart/AVGO?interval=1d&events=splits (2026-01-30) ; https://www.sec.gov/Archives/edgar/data/1730168/000173016826000016/,종가 331.3 × 주식수 4734668184,1
Broadcom,AVGO,2026Q1,2026-05-03,분기별 매출액,22187000000,USD,공시,https://www.sec.gov/Archives/edgar/data/1730168/000173016826000054/,,1
Broadcom,AVGO,2026Q1,2026-05-03,분기별 영업이익,10788000000,USD,공시,https://www.sec.gov/Archives/edgar/data/1730168/000173016826000054/,,1
Broadcom,AVGO,2026Q1,2026-05-03,분기별 당기순이익(지배),9310000000,USD,공시(비지배 없음),https://www.sec.gov/Archives/edgar/data/1730168/000173016826000054/,,1
Broadcom,AVGO,2026Q1,2026-05-03,분기별 영업활동현금흐름,10493000000,USD,계산(누적차감),https://www.sec.gov/Archives/edgar/data/1730168/000173016826000054/ ; https://www.sec.gov/Archives/edgar/data/1730168/000173016826000016/,누적 18753000000 − 직전누적 8260000000 (시작 2025-11-03),1
Broadcom,AVGO,2026Q1,2026-05-03,분기말 자산총계,179158000000,USD,공시,https://www.sec.gov/Archives/edgar/data/1730168/000173016826000054/,,1
Broadcom,AVGO,2026Q1,2026-05-03,분기말 부채총계,91467000000,USD,공시,https://www.sec.gov/Archives/edgar/data/1730168/000173016826000054/,,1
Broadcom,AVGO,2026Q1,2026-05-03,분기말 총자본(자기자본),87691000000,USD,공시,https://www.sec.gov/Archives/edgar/data/1730168/000173016826000054/,,1
Broadcom,AVGO,2026Q1,2026-05-03,분기말 지배지분 자본,87691000000,USD,공시(비지배 없음),https://www.sec.gov/Archives/edgar/data/1730168/000173016826000054/,"StockholdersEquityIncludingPortionAttributableToNoncontrollingInterest, MinorityInterest 태그 없음",1
Broadcom,AVGO,2026Q1,2026-05-01,분기말 종가,421.28,USD,API,https://query1.finance.yahoo.com/v8/finance/chart/AVGO?interval=1d&events=splits (2026-05-01),,1
Broadcom,AVGO,2026Q1,2026-05-29,분기말 상장주식수,4757580198,주,공시(표지 기준일),https://www.sec.gov/Archives/edgar/data/1730168/000173016826000054/,dei:EntityCommonStockSharesOutstanding 클래스 합,1
Broadcom,AVGO,2026Q1,2026-05-01,분기말 시가총액,2004273385813,USD,계산(종가×주식수),https://query1.finance.yahoo.com/v8/finance/chart/AVGO?interval=1d&events=splits (2026-05-01) ; https://www.sec.gov/Archives/edgar/data/1730168/000173016826000054/,종가 421.28 × 주식수 4757580198,1
Broadcom,AVGO,2026Q2,2026-08-02,분기별 매출액,29591000000,USD,공시,https://www.sec.gov/Archives/edgar/data/1730168/000173016826000080/,,1
Broadcom,AVGO,2026Q2,2026-08-02,분기별 영업이익,15955000000,USD,공시,https://www.sec.gov/Archives/edgar/data/1730168/000173016826000080/,,1
Broadcom,AVGO,2026Q2,2026-08-02,분기별 당기순이익(지배),13088000000,USD,공시(비지배 없음),https://www.sec.gov/Archives/edgar/data/1730168/000173016826000080/,,1
Broadcom,AVGO,2026Q2,2026-08-02,분기별 영업활동현금흐름,14197000000,USD,계산(누적차감),https://www.sec.gov/Archives/edgar/data/1730168/000173016826000080/ ; https://www.sec.gov/Archives/edgar/data/1730168/000173016826000054/,누적 32950000000 − 직전누적 18753000000 (시작 2025-11-03),1
Broadcom,AVGO,2026Q2,2026-08-02,분기말 자산총계,188148000000,USD,공시,https://www.sec.gov/Archives/edgar/data/1730168/000173016826000080/,,1
Broadcom,AVGO,2026Q2,2026-08-02,분기말 부채총계,88458000000,USD,공시,https://www.sec.gov/Archives/edgar/data/1730168/000173016826000080/,,1
Broadcom,AVGO,2026Q2,2026-08-02,분기말 총자본(자기자본),99690000000,USD,공시,https://www.sec.gov/Archives/edgar/data/1730168/000173016826000080/,,1
Broadcom,AVGO,2026Q2,2026-08-02,분기말 지배지분 자본,99690000000,USD,공시(비지배 없음),https://www.sec.gov/Archives/edgar/data/1730168/000173016826000080/,"StockholdersEquityIncludingPortionAttributableToNoncontrollingInterest, MinorityInterest 태그 없음",1
Broadcom,AVGO,2026Q2,2026-07-31,분기말 종가,389.28,USD,API,https://query1.finance.yahoo.com/v8/finance/chart/AVGO?interval=1d&events=splits (2026-07-31),,1
Broadcom,AVGO,2026Q2,2026-08-28,분기말 상장주식수,4773629865,주,공시(표지 기준일),https://www.sec.gov/Archives/edgar/data/1730168/000173016826000080/,dei:EntityCommonStockSharesOutstanding 클래스 합,1
Broadcom,AVGO,2026Q2,2026-07-31,분기말 시가총액,1858278633847,USD,계산(종가×주식수),https://query1.finance.yahoo.com/v8/finance/chart/AVGO?interval=1d&events=splits (2026-07-31) ; https://www.sec.gov/Archives/edgar/data/1730168/000173016826000080/,종가 389.28 × 주식수 4773629865,1
