기업,종목코드,기간,기준일,항목,구분,원 공시값,원 값구분,원 출처,나중 보고서 값,나중 보고서 출처
TKO Group Holdings,TKO,2023Q4,2023-12-31,분기별 매출액,재작성 반영,613995000,계산(연간-3분기누적),https://www.sec.gov/Archives/edgar/data/1973266/000156276224000038/ ; https://www.sec.gov/Archives/edgar/data/1973266/000197326623000009/,2163823000,https://www.sec.gov/Archives/edgar/data/1973266/000119312526071651/ ; https://www.sec.gov/Archives/edgar/data/1973266/000197326623000009/
TKO Group Holdings,TKO,2023Q4,2023-12-31,분기별 영업이익,재작성 반영,62876000,계산(연간-3분기누적),https://www.sec.gov/Archives/edgar/data/1973266/000156276224000038/ ; https://www.sec.gov/Archives/edgar/data/1973266/000197326623000009/,-8007000,https://www.sec.gov/Archives/edgar/data/1973266/000119312526071651/ ; https://www.sec.gov/Archives/edgar/data/1973266/000197326623000009/
TKO Group Holdings,TKO,2023Q4,2023-12-31,분기별 영업활동현금흐름,재작성 반영,220726000,계산(누적차감),https://www.sec.gov/Archives/edgar/data/1973266/000156276224000038/ ; https://www.sec.gov/Archives/edgar/data/1973266/000197326623000009/,18504000,https://www.sec.gov/Archives/edgar/data/1973266/000119312526071651/ ; https://www.sec.gov/Archives/edgar/data/1973266/000197326623000009/
TKO Group Holdings,TKO,2023Q4,2023-12-31,분기말 자산총계,재작성 검증 실패(원 공시 유지),12690739000,공시,https://www.sec.gov/Archives/edgar/data/1973266/000156276224000038/,,https://www.sec.gov/Archives/edgar/data/1973266/000156276224000038/
TKO Group Holdings,TKO,2023Q4,2023-12-31,분기말 부채총계,재작성 검증 실패(원 공시 유지),3840193000,공시,https://www.sec.gov/Archives/edgar/data/1973266/000156276224000038/,,https://www.sec.gov/Archives/edgar/data/1973266/000156276224000038/
TKO Group Holdings,TKO,2023Q4,2023-12-31,분기말 총자본(자기자본),재작성 검증 실패(원 공시 유지),8838952000,공시,https://www.sec.gov/Archives/edgar/data/1973266/000156276224000038/,,https://www.sec.gov/Archives/edgar/data/1973266/000156276224000038/
TKO Group Holdings,TKO,2023Q4,2023-12-31,분기말 지배지분 자본,재작성 검증 실패(원 공시 유지),4108980000,공시,https://www.sec.gov/Archives/edgar/data/1973266/000156276224000038/,,https://www.sec.gov/Archives/edgar/data/1973266/000156276224000038/
TKO Group Holdings,TKO,2024Q1,2024-03-31,분기별 매출액,재작성 반영,629711000,공시,https://www.sec.gov/Archives/edgar/data/1973266/000197326624000013/,1222448000,https://www.sec.gov/Archives/edgar/data/1973266/000119312526071651/
TKO Group Holdings,TKO,2024Q1,2024-03-31,분기별 영업이익,재작성 반영,-210345000,공시,https://www.sec.gov/Archives/edgar/data/1973266/000197326624000013/,-173580000,https://www.sec.gov/Archives/edgar/data/1973266/000119312526071651/
TKO Group Holdings,TKO,2024Q1,2024-03-31,분기별 영업활동현금흐름,재작성 반영,59337000,공시,https://www.sec.gov/Archives/edgar/data/1973266/000197326624000013/,44873000,https://www.sec.gov/Archives/edgar/data/1973266/000095017025067220/
TKO Group Holdings,TKO,2024Q1,2024-03-31,분기말 자산총계,재작성 검증 실패(원 공시 유지),12722266000,공시,https://www.sec.gov/Archives/edgar/data/1973266/000197326624000013/,,https://www.sec.gov/Archives/edgar/data/1973266/000197326624000013/
TKO Group Holdings,TKO,2024Q1,2024-03-31,분기말 부채총계,재작성 검증 실패(원 공시 유지),4091884000,공시,https://www.sec.gov/Archives/edgar/data/1973266/000197326624000013/,,https://www.sec.gov/Archives/edgar/data/1973266/000197326624000013/
TKO Group Holdings,TKO,2024Q1,2024-03-31,분기말 총자본(자기자본),재작성 검증 실패(원 공시 유지),8618028000,공시,https://www.sec.gov/Archives/edgar/data/1973266/000197326624000013/,,https://www.sec.gov/Archives/edgar/data/1973266/000197326624000013/
TKO Group Holdings,TKO,2024Q1,2024-03-31,분기말 지배지분 자본,재작성 검증 실패(원 공시 유지),4034777000,공시,https://www.sec.gov/Archives/edgar/data/1973266/000197326624000013/,,https://www.sec.gov/Archives/edgar/data/1973266/000197326624000013/
TKO Group Holdings,TKO,2024Q2,2024-06-30,분기별 매출액,재작성 반영,851161000,공시,https://www.sec.gov/Archives/edgar/data/1973266/000197326624000021/,1193191000,https://www.sec.gov/Archives/edgar/data/1973266/000119312526071651/
TKO Group Holdings,TKO,2024Q2,2024-06-30,분기별 영업이익,재작성 반영,254948000,공시,https://www.sec.gov/Archives/edgar/data/1973266/000197326624000021/,114856000,https://www.sec.gov/Archives/edgar/data/1973266/000119312526071651/
TKO Group Holdings,TKO,2024Q2,2024-06-30,분기별 영업활동현금흐름,재작성 반영,230703000,계산(누적차감),https://www.sec.gov/Archives/edgar/data/1973266/000197326624000021/ ; https://www.sec.gov/Archives/edgar/data/1973266/000197326624000013/,307129000,https://www.sec.gov/Archives/edgar/data/1973266/000095017025104095/ ; https://www.sec.gov/Archives/edgar/data/1973266/000095017025067220/
TKO Group Holdings,TKO,2024Q2,2024-06-30,분기말 자산총계,재작성 검증 실패(원 공시 유지),12719812000,공시,https://www.sec.gov/Archives/edgar/data/1973266/000197326624000021/,,https://www.sec.gov/Archives/edgar/data/1973266/000197326624000021/
TKO Group Holdings,TKO,2024Q2,2024-06-30,분기말 부채총계,재작성 검증 실패(원 공시 유지),4091668000,공시,https://www.sec.gov/Archives/edgar/data/1973266/000197326624000021/,,https://www.sec.gov/Archives/edgar/data/1973266/000197326624000021/
TKO Group Holdings,TKO,2024Q2,2024-06-30,분기말 총자본(자기자본),재작성 검증 실패(원 공시 유지),8615065000,공시,https://www.sec.gov/Archives/edgar/data/1973266/000197326624000021/,,https://www.sec.gov/Archives/edgar/data/1973266/000197326624000021/
TKO Group Holdings,TKO,2024Q2,2024-06-30,분기말 지배지분 자본,재작성 검증 실패(원 공시 유지),3991620000,공시,https://www.sec.gov/Archives/edgar/data/1973266/000197326624000021/,,https://www.sec.gov/Archives/edgar/data/1973266/000197326624000021/
TKO Group Holdings,TKO,2024Q3,2024-09-30,분기별 매출액,재작성 반영,681273000,공시,https://www.sec.gov/Archives/edgar/data/1973266/000095017024122364/,1540683000,https://www.sec.gov/Archives/edgar/data/1973266/000119312526071651/
TKO Group Holdings,TKO,2024Q3,2024-09-30,분기별 영업이익,재작성 반영,136373000,공시,https://www.sec.gov/Archives/edgar/data/1973266/000095017024122364/,34633000,https://www.sec.gov/Archives/edgar/data/1973266/000119312526071651/
TKO Group Holdings,TKO,2024Q3,2024-09-30,분기별 영업활동현금흐름,재작성 반영,236532000,계산(누적차감),https://www.sec.gov/Archives/edgar/data/1973266/000095017024122364/ ; https://www.sec.gov/Archives/edgar/data/1973266/000197326624000021/,177969000,https://www.sec.gov/Archives/edgar/data/1973266/000119312525267014/ ; https://www.sec.gov/Archives/edgar/data/1973266/000095017025104095/
TKO Group Holdings,TKO,2024Q3,2024-09-30,분기말 자산총계,재작성 검증 실패(원 공시 유지),12770403000,공시,https://www.sec.gov/Archives/edgar/data/1973266/000095017024122364/,,https://www.sec.gov/Archives/edgar/data/1973266/000095017024122364/
TKO Group Holdings,TKO,2024Q3,2024-09-30,분기말 부채총계,재작성 검증 실패(원 공시 유지),4094551000,공시,https://www.sec.gov/Archives/edgar/data/1973266/000095017024122364/,,https://www.sec.gov/Archives/edgar/data/1973266/000095017024122364/
TKO Group Holdings,TKO,2024Q3,2024-09-30,분기말 총자본(자기자본),재작성 검증 실패(원 공시 유지),8662098000,공시,https://www.sec.gov/Archives/edgar/data/1973266/000095017024122364/,,https://www.sec.gov/Archives/edgar/data/1973266/000095017024122364/
TKO Group Holdings,TKO,2024Q3,2024-09-30,분기말 지배지분 자본,재작성 검증 실패(원 공시 유지),4044561000,공시,https://www.sec.gov/Archives/edgar/data/1973266/000095017024122364/,,https://www.sec.gov/Archives/edgar/data/1973266/000095017024122364/
TKO Group Holdings,TKO,2024Q4,2024-12-31,분기별 매출액,재작성 반영,642196000,계산(연간-3분기누적),https://www.sec.gov/Archives/edgar/data/1973266/000095017025027778/ ; https://www.sec.gov/Archives/edgar/data/1973266/000095017024122364/,927919000,https://www.sec.gov/Archives/edgar/data/1973266/000119312526071651/ ; https://www.sec.gov/Archives/edgar/data/1973266/000119312525267014/
TKO Group Holdings,TKO,2024Q4,2024-12-31,분기별 영업이익,재작성 반영,101926000,계산(연간-3분기누적),https://www.sec.gov/Archives/edgar/data/1973266/000095017025027778/ ; https://www.sec.gov/Archives/edgar/data/1973266/000095017024122364/,55037000,https://www.sec.gov/Archives/edgar/data/1973266/000119312526071651/ ; https://www.sec.gov/Archives/edgar/data/1973266/000119312525267014/
TKO Group Holdings,TKO,2024Q4,2024-12-31,분기별 영업활동현금흐름,재작성 반영,56838000,계산(누적차감),https://www.sec.gov/Archives/edgar/data/1973266/000095017025027778/ ; https://www.sec.gov/Archives/edgar/data/1973266/000095017024122364/,56113000,https://www.sec.gov/Archives/edgar/data/1973266/000119312526071651/ ; https://www.sec.gov/Archives/edgar/data/1973266/000119312525267014/
TKO Group Holdings,TKO,2024Q4,2024-12-31,분기말 자산총계,재작성 반영,12699936000,공시,https://www.sec.gov/Archives/edgar/data/1973266/000095017025027778/,15111782000,https://www.sec.gov/Archives/edgar/data/1973266/000119312526071651/
TKO Group Holdings,TKO,2024Q4,2024-12-31,분기말 부채총계,재작성 반영,3981405000,공시,https://www.sec.gov/Archives/edgar/data/1973266/000095017025027778/,4968918000,https://www.sec.gov/Archives/edgar/data/1973266/000119312526071651/
TKO Group Holdings,TKO,2024Q4,2024-12-31,분기말 총자본(자기자본),재작성 반영,8696667000,공시,https://www.sec.gov/Archives/edgar/data/1973266/000095017025027778/,10121000000,https://www.sec.gov/Archives/edgar/data/1973266/000119312526330592/
United Airlines,UAL,2024Q1,2024-03-31,분기별 영업활동현금흐름,재작성 반영,2847000000,공시,https://www.sec.gov/Archives/edgar/data/100517/000010051724000079/,2848000000,https://www.sec.gov/Archives/edgar/data/100517/000010051725000091/
United Airlines,UAL,2024Q2,2024-06-30,분기별 영업활동현금흐름,재작성 반영,2876000000,계산(누적차감),https://www.sec.gov/Archives/edgar/data/100517/000010051724000121/ ; https://www.sec.gov/Archives/edgar/data/100517/000010051724000079/,2875000000,https://www.sec.gov/Archives/edgar/data/100517/000010051724000121/ ; https://www.sec.gov/Archives/edgar/data/100517/000010051725000091/
Kenvue,KVUE,2023Q1,2023-04-02,분기별 당기순이익(지배),재작성 반영,330000000,공시,https://www.sec.gov/Archives/edgar/data/1944048/000194404823000013/,469000000,https://www.sec.gov/Archives/edgar/data/1944048/000194404824000100/
Kenvue,KVUE,2023Q1,2023-04-02,분기말 자산총계,재작성 검증 실패(원 공시 유지),35595000000,공시,https://www.sec.gov/Archives/edgar/data/1944048/000194404823000013/,,https://www.sec.gov/Archives/edgar/data/1944048/000194404823000013/
Kenvue,KVUE,2023Q1,2023-04-02,분기말 부채총계,재작성 검증 실패(원 공시 유지),15313000000,공시,https://www.sec.gov/Archives/edgar/data/1944048/000194404823000013/,,https://www.sec.gov/Archives/edgar/data/1944048/000194404823000013/
Kenvue,KVUE,2023Q1,2023-04-02,분기말 총자본(자기자본),재작성 검증 실패(원 공시 유지),20282000000,공시(비지배 없음),https://www.sec.gov/Archives/edgar/data/1944048/000194404823000013/,,https://www.sec.gov/Archives/edgar/data/1944048/000194404823000013/
Kenvue,KVUE,2023Q1,2023-04-02,분기말 지배지분 자본,재작성 반영,20282000000,공시,https://www.sec.gov/Archives/edgar/data/1944048/000194404823000013/,20372000000,https://www.sec.gov/Archives/edgar/data/1944048/000194404824000139/
Kenvue,KVUE,2023Q2,2023-07-02,분기말 자산총계,재작성 검증 실패(원 공시 유지),27542000000,공시,https://www.sec.gov/Archives/edgar/data/1944048/000194404823000020/,,https://www.sec.gov/Archives/edgar/data/1944048/000194404823000020/
Kenvue,KVUE,2023Q2,2023-07-02,분기말 부채총계,재작성 검증 실패(원 공시 유지),16502000000,공시,https://www.sec.gov/Archives/edgar/data/1944048/000194404823000020/,,https://www.sec.gov/Archives/edgar/data/1944048/000194404823000020/
Kenvue,KVUE,2023Q2,2023-07-02,분기말 총자본(자기자본),재작성 검증 실패(원 공시 유지),11040000000,공시(비지배 없음),https://www.sec.gov/Archives/edgar/data/1944048/000194404823000020/,,https://www.sec.gov/Archives/edgar/data/1944048/000194404823000020/
Kenvue,KVUE,2023Q2,2023-07-02,분기말 지배지분 자본,재작성 반영,11040000000,공시,https://www.sec.gov/Archives/edgar/data/1944048/000194404823000020/,11131000000,https://www.sec.gov/Archives/edgar/data/1944048/000194404824000152/
Steel Dynamics,STLD,2020Q3,2020-09-30,분기말 자산총계,재작성 검증 실패(원 공시 유지),8617556000,공시,https://www.sec.gov/Archives/edgar/data/1022671/000155837020013295/,,https://www.sec.gov/Archives/edgar/data/1022671/000155837020013295/
Steel Dynamics,STLD,2020Q3,2020-09-30,분기말 부채총계,재작성 검증 실패(원 공시 유지),4418757000,공시,https://www.sec.gov/Archives/edgar/data/1022671/000155837020013295/,,https://www.sec.gov/Archives/edgar/data/1022671/000155837020013295/
Steel Dynamics,STLD,2020Q3,2020-09-30,분기말 총자본(자기자본),재작성 검증 실패(원 공시 유지),4043385000,공시,https://www.sec.gov/Archives/edgar/data/1022671/000155837020013295/,,https://www.sec.gov/Archives/edgar/data/1022671/000155837020013295/
Steel Dynamics,STLD,2020Q3,2020-09-30,분기말 지배지분 자본,재작성 검증 실패(원 공시 유지),4201183000,공시,https://www.sec.gov/Archives/edgar/data/1022671/000155837020013295/,,https://www.sec.gov/Archives/edgar/data/1022671/000155837020013295/
DexCom,DXCM,2020Q4,2020-12-31,분기별 당기순이익(지배),재작성 반영,355200000,계산(연간-3분기누적),https://www.sec.gov/Archives/edgar/data/1093557/000109355721000024/ ; https://www.sec.gov/Archives/edgar/data/1093557/000109355720000294/,411300000,https://www.sec.gov/Archives/edgar/data/1093557/000109355723000024/ ; https://www.sec.gov/Archives/edgar/data/1093557/000109355720000294/
DexCom,DXCM,2021Q1,2021-03-31,분기별 당기순이익(지배),재작성 반영,40300000,공시,https://www.sec.gov/Archives/edgar/data/1093557/000109355721000126/,56500000,https://www.sec.gov/Archives/edgar/data/1093557/000109355722000098/
DexCom,DXCM,2021Q2,2021-06-30,분기별 당기순이익(지배),재작성 반영,62900000,공시,https://www.sec.gov/Archives/edgar/data/1093557/000109355721000191/,78400000,https://www.sec.gov/Archives/edgar/data/1093557/000109355722000146/
DexCom,DXCM,2021Q3,2021-09-30,분기별 당기순이익(지배),재작성 반영,70900000,공시,https://www.sec.gov/Archives/edgar/data/1093557/000109355721000248/,87300000,https://www.sec.gov/Archives/edgar/data/1093557/000109355722000171/
DexCom,DXCM,2021Q4,2021-12-31,분기별 당기순이익(지배),재작성 반영,-19400000,계산(연간-3분기누적),https://www.sec.gov/Archives/edgar/data/1093557/000109355722000014/ ; https://www.sec.gov/Archives/edgar/data/1093557/000109355721000248/,-5300000,https://www.sec.gov/Archives/edgar/data/1093557/000109355724000021/ ; https://www.sec.gov/Archives/edgar/data/1093557/000109355722000171/
DexCom,DXCM,2021Q4,2021-12-31,분기말 자산총계,재작성 반영,4863600000,공시,https://www.sec.gov/Archives/edgar/data/1093557/000109355722000014/,4933300000,https://www.sec.gov/Archives/edgar/data/1093557/000109355723000024/
DexCom,DXCM,2021Q4,2021-12-31,분기말 부채총계,재작성 반영,2612100000,공시,https://www.sec.gov/Archives/edgar/data/1093557/000109355722000014/,2891200000,https://www.sec.gov/Archives/edgar/data/1093557/000109355723000024/
DexCom,DXCM,2021Q4,2021-12-31,분기말 총자본(자기자본),재작성 반영,2251500000,공시(비지배 없음),https://www.sec.gov/Archives/edgar/data/1093557/000109355722000014/,2042100000,https://www.sec.gov/Archives/edgar/data/1093557/000109355725000036/
DexCom,DXCM,2021Q4,2021-12-31,분기말 지배지분 자본,재작성 반영,2251500000,공시,https://www.sec.gov/Archives/edgar/data/1093557/000109355722000014/,2042100000,https://www.sec.gov/Archives/edgar/data/1093557/000109355725000036/
Kimberly-Clark,KMB,2019Q1,2019-03-31,분기말 총자본(자기자본),재작성 검증 실패(원 공시 유지),-82000000,공시,https://www.sec.gov/Archives/edgar/data/55785/000005578519000032/,,https://www.sec.gov/Archives/edgar/data/55785/000005578519000032/
Kimberly-Clark,KMB,2019Q1,2019-03-31,분기말 지배지분 자본,재작성 검증 실패(원 공시 유지),-305000000,공시,https://www.sec.gov/Archives/edgar/data/55785/000005578519000032/,,https://www.sec.gov/Archives/edgar/data/55785/000005578519000032/
Kimberly-Clark,KMB,2019Q2,2019-06-30,분기말 총자본(자기자본),재작성 검증 실패(원 공시 유지),50000000,공시,https://www.sec.gov/Archives/edgar/data/55785/000005578519000064/,,https://www.sec.gov/Archives/edgar/data/55785/000005578519000064/
Kimberly-Clark,KMB,2019Q2,2019-06-30,분기말 지배지분 자본,재작성 검증 실패(원 공시 유지),-178000000,공시,https://www.sec.gov/Archives/edgar/data/55785/000005578519000064/,,https://www.sec.gov/Archives/edgar/data/55785/000005578519000064/
Kimberly-Clark,KMB,2019Q3,2019-09-30,분기말 총자본(자기자본),재작성 검증 실패(원 공시 유지),88000000,공시,https://www.sec.gov/Archives/edgar/data/55785/000005578519000084/,,https://www.sec.gov/Archives/edgar/data/55785/000005578519000084/
Kimberly-Clark,KMB,2019Q3,2019-09-30,분기말 지배지분 자본,재작성 검증 실패(원 공시 유지),-141000000,공시,https://www.sec.gov/Archives/edgar/data/55785/000005578519000084/,,https://www.sec.gov/Archives/edgar/data/55785/000005578519000084/
Kimberly-Clark,KMB,2020Q1,2020-03-31,분기말 총자본(자기자본),재작성 검증 실패(원 공시 유지),46000000,공시,https://www.sec.gov/Archives/edgar/data/55785/000005578520000034/,,https://www.sec.gov/Archives/edgar/data/55785/000005578520000034/
Kimberly-Clark,KMB,2020Q1,2020-03-31,분기말 지배지분 자본,재작성 검증 실패(원 공시 유지),-167000000,공시,https://www.sec.gov/Archives/edgar/data/55785/000005578520000034/,,https://www.sec.gov/Archives/edgar/data/55785/000005578520000034/
Kimberly-Clark,KMB,2020Q2,2020-06-30,분기말 총자본(자기자본),재작성 검증 실패(원 공시 유지),495000000,공시,https://www.sec.gov/Archives/edgar/data/55785/000005578520000053/,,https://www.sec.gov/Archives/edgar/data/55785/000005578520000053/
Kimberly-Clark,KMB,2020Q2,2020-06-30,분기말 지배지분 자본,재작성 검증 실패(원 공시 유지),268000000,공시,https://www.sec.gov/Archives/edgar/data/55785/000005578520000053/,,https://www.sec.gov/Archives/edgar/data/55785/000005578520000053/
Kimberly-Clark,KMB,2020Q3,2020-09-30,분기말 총자본(자기자본),재작성 검증 실패(원 공시 유지),577000000,공시,https://www.sec.gov/Archives/edgar/data/55785/000005578520000074/,,https://www.sec.gov/Archives/edgar/data/55785/000005578520000074/
Kimberly-Clark,KMB,2020Q3,2020-09-30,분기말 지배지분 자본,재작성 검증 실패(원 공시 유지),335000000,공시,https://www.sec.gov/Archives/edgar/data/55785/000005578520000074/,,https://www.sec.gov/Archives/edgar/data/55785/000005578520000074/
Kimberly-Clark,KMB,2021Q1,2021-03-31,분기말 총자본(자기자본),재작성 검증 실패(원 공시 유지),746000000,공시,https://www.sec.gov/Archives/edgar/data/55785/000005578521000037/,,https://www.sec.gov/Archives/edgar/data/55785/000005578521000037/
Kimberly-Clark,KMB,2021Q1,2021-03-31,분기말 지배지분 자본,재작성 검증 실패(원 공시 유지),518000000,공시,https://www.sec.gov/Archives/edgar/data/55785/000005578521000037/,,https://www.sec.gov/Archives/edgar/data/55785/000005578521000037/
Kimberly-Clark,KMB,2021Q2,2021-06-30,분기말 총자본(자기자본),재작성 검증 실패(원 공시 유지),758000000,공시,https://www.sec.gov/Archives/edgar/data/55785/000005578521000073/,,https://www.sec.gov/Archives/edgar/data/55785/000005578521000073/
Kimberly-Clark,KMB,2021Q2,2021-06-30,분기말 지배지분 자본,재작성 검증 실패(원 공시 유지),524000000,공시,https://www.sec.gov/Archives/edgar/data/55785/000005578521000073/,,https://www.sec.gov/Archives/edgar/data/55785/000005578521000073/
Kimberly-Clark,KMB,2021Q3,2021-09-30,분기말 총자본(자기자본),재작성 검증 실패(원 공시 유지),707000000,공시,https://www.sec.gov/Archives/edgar/data/55785/000005578521000091/,,https://www.sec.gov/Archives/edgar/data/55785/000005578521000091/
Kimberly-Clark,KMB,2021Q3,2021-09-30,분기말 지배지분 자본,재작성 검증 실패(원 공시 유지),474000000,공시,https://www.sec.gov/Archives/edgar/data/55785/000005578521000091/,,https://www.sec.gov/Archives/edgar/data/55785/000005578521000091/
Kimberly-Clark,KMB,2023Q4,2023-12-31,분기별 매출액,재분류(미반영),4970000000,계산(연간-3분기누적),https://www.sec.gov/Archives/edgar/data/55785/000005578524000018/ ; https://www.sec.gov/Archives/edgar/data/55785/000005578523000064/,1685000000,https://www.sec.gov/Archives/edgar/data/55785/000162828026007567/ ; https://www.sec.gov/Archives/edgar/data/55785/000005578523000064/
Kimberly-Clark,KMB,2023Q4,2023-12-31,분기별 영업이익,재분류(미반영),670000000,계산(연간-3분기누적),https://www.sec.gov/Archives/edgar/data/55785/000005578524000018/ ; https://www.sec.gov/Archives/edgar/data/55785/000005578523000064/,254000000,https://www.sec.gov/Archives/edgar/data/55785/000162828026007567/ ; https://www.sec.gov/Archives/edgar/data/55785/000005578523000064/
Kimberly-Clark,KMB,2024Q1,2024-03-31,분기별 매출액,재분류(미반영),5149000000,공시,https://www.sec.gov/Archives/edgar/data/55785/000005578524000054/,4326000000,https://www.sec.gov/Archives/edgar/data/55785/000162828026007567/
Kimberly-Clark,KMB,2024Q2,2024-06-30,분기별 매출액,재분류(미반영),5029000000,공시,https://www.sec.gov/Archives/edgar/data/55785/000005578524000085/,4231000000,https://www.sec.gov/Archives/edgar/data/55785/000162828026007567/
Kimberly-Clark,KMB,2024Q2,2024-06-30,분기별 영업이익,재분류(미반영),655000000,공시,https://www.sec.gov/Archives/edgar/data/55785/000005578524000085/,539000000,https://www.sec.gov/Archives/edgar/data/55785/000005578525000080/
Kimberly-Clark,KMB,2024Q3,2024-09-30,분기별 매출액,재분류(미반영),4952000000,공시,https://www.sec.gov/Archives/edgar/data/55785/000005578524000094/,4144000000,https://www.sec.gov/Archives/edgar/data/55785/000162828026007567/
Kimberly-Clark,KMB,2024Q3,2024-09-30,분기별 영업이익,재분류(미반영),1154000000,공시,https://www.sec.gov/Archives/edgar/data/55785/000005578524000094/,1026000000,https://www.sec.gov/Archives/edgar/data/55785/000162828025047387/
Kimberly-Clark,KMB,2024Q4,2024-12-31,분기별 매출액,재분류(미반영),4928000000,계산(연간-3분기누적),https://www.sec.gov/Archives/edgar/data/55785/000005578525000013/ ; https://www.sec.gov/Archives/edgar/data/55785/000005578524000094/,4104000000,https://www.sec.gov/Archives/edgar/data/55785/000162828026007567/ ; https://www.sec.gov/Archives/edgar/data/55785/000162828025047387/
Kimberly-Clark,KMB,2024Q4,2024-12-31,분기별 영업이익,재분류(미반영),548000000,계산(연간-3분기누적),https://www.sec.gov/Archives/edgar/data/55785/000005578525000013/ ; https://www.sec.gov/Archives/edgar/data/55785/000005578524000094/,420000000,https://www.sec.gov/Archives/edgar/data/55785/000162828026007567/ ; https://www.sec.gov/Archives/edgar/data/55785/000162828025047387/
Kimberly-Clark,KMB,2025Q1,2025-03-31,분기별 매출액,재분류(미반영),4840000000,공시,https://www.sec.gov/Archives/edgar/data/55785/000005578525000039/,4054000000,https://www.sec.gov/Archives/edgar/data/55785/000162828026027800/
Kimberly-Clark,KMB,2025Q1,2025-03-31,분기별 영업이익,재분류(미반영),769000000,공시,https://www.sec.gov/Archives/edgar/data/55785/000005578525000039/,631000000,https://www.sec.gov/Archives/edgar/data/55785/000162828026027800/
EQT,EQT,2020Q4,2020-12-31,분기별 당기순이익(지배),재작성 반영,63688000,계산(연간-3분기누적),https://www.sec.gov/Archives/edgar/data/33213/000003321321000006/ ; https://www.sec.gov/Archives/edgar/data/33213/000003321320000032/,72055000,https://www.sec.gov/Archives/edgar/data/33213/000003321323000008/ ; https://www.sec.gov/Archives/edgar/data/33213/000003321320000032/
EQT,EQT,2020Q4,2020-12-31,분기말 자산총계,재작성 검증 실패(원 공시 유지),18113469000,공시,https://www.sec.gov/Archives/edgar/data/33213/000003321321000006/,,https://www.sec.gov/Archives/edgar/data/33213/000003321321000006/
EQT,EQT,2020Q4,2020-12-31,분기말 부채총계,재작성 검증 실패(원 공시 유지),8850739000,공시,https://www.sec.gov/Archives/edgar/data/33213/000003321321000006/,,https://www.sec.gov/Archives/edgar/data/33213/000003321321000006/
EQT,EQT,2020Q4,2020-12-31,분기말 총자본(자기자본),재작성 검증 실패(원 공시 유지),9262730000,공시,https://www.sec.gov/Archives/edgar/data/33213/000003321321000006/,,https://www.sec.gov/Archives/edgar/data/33213/000003321321000006/
EQT,EQT,2020Q4,2020-12-31,분기말 지배지분 자본,재작성 검증 실패(원 공시 유지),9255240000,공시,https://www.sec.gov/Archives/edgar/data/33213/000003321321000006/,,https://www.sec.gov/Archives/edgar/data/33213/000003321321000006/
EQT,EQT,2021Q1,2021-03-31,분기별 당기순이익(지배),재작성 반영,-40518000,공시,https://www.sec.gov/Archives/edgar/data/33213/000003321321000012/,-37427000,https://www.sec.gov/Archives/edgar/data/33213/000003321322000014/
EQT,EQT,2021Q1,2021-03-31,분기말 자산총계,재작성 검증 실패(원 공시 유지),18039404000,공시,https://www.sec.gov/Archives/edgar/data/33213/000003321321000012/,,https://www.sec.gov/Archives/edgar/data/33213/000003321321000012/
EQT,EQT,2021Q1,2021-03-31,분기말 부채총계,재작성 검증 실패(원 공시 유지),8809038000,공시,https://www.sec.gov/Archives/edgar/data/33213/000003321321000012/,,https://www.sec.gov/Archives/edgar/data/33213/000003321321000012/
EQT,EQT,2021Q1,2021-03-31,분기말 총자본(자기자본),재작성 검증 실패(원 공시 유지),9230366000,공시,https://www.sec.gov/Archives/edgar/data/33213/000003321321000012/,,https://www.sec.gov/Archives/edgar/data/33213/000003321321000012/
EQT,EQT,2021Q1,2021-03-31,분기말 지배지분 자본,재작성 검증 실패(원 공시 유지),9219640000,공시,https://www.sec.gov/Archives/edgar/data/33213/000003321321000012/,,https://www.sec.gov/Archives/edgar/data/33213/000003321321000012/
EQT,EQT,2021Q2,2021-06-30,분기별 당기순이익(지배),재작성 반영,-936457000,공시,https://www.sec.gov/Archives/edgar/data/33213/000003321321000020/,-933260000,https://www.sec.gov/Archives/edgar/data/33213/000003321322000022/
EQT,EQT,2021Q2,2021-06-30,분기말 자산총계,재작성 검증 실패(원 공시 유지),18985257000,공시,https://www.sec.gov/Archives/edgar/data/33213/000003321321000020/,,https://www.sec.gov/Archives/edgar/data/33213/000003321321000020/
EQT,EQT,2021Q2,2021-06-30,분기말 부채총계,재작성 검증 실패(원 공시 유지),10682835000,공시,https://www.sec.gov/Archives/edgar/data/33213/000003321321000020/,,https://www.sec.gov/Archives/edgar/data/33213/000003321321000020/
EQT,EQT,2021Q2,2021-06-30,분기말 총자본(자기자본),재작성 검증 실패(원 공시 유지),8302422000,공시,https://www.sec.gov/Archives/edgar/data/33213/000003321321000020/,,https://www.sec.gov/Archives/edgar/data/33213/000003321321000020/
EQT,EQT,2021Q2,2021-06-30,분기말 지배지분 자본,재작성 검증 실패(원 공시 유지),8291758000,공시,https://www.sec.gov/Archives/edgar/data/33213/000003321321000020/,,https://www.sec.gov/Archives/edgar/data/33213/000003321321000020/
EQT,EQT,2021Q3,2021-09-30,분기별 당기순이익(지배),재작성 반영,-1980117000,공시,https://www.sec.gov/Archives/edgar/data/33213/000003321321000026/,-1976812000,https://www.sec.gov/Archives/edgar/data/33213/000003321322000028/
EQT,EQT,2021Q3,2021-09-30,분기말 자산총계,재작성 검증 실패(원 공시 유지),23011720000,공시,https://www.sec.gov/Archives/edgar/data/33213/000003321321000026/,,https://www.sec.gov/Archives/edgar/data/33213/000003321321000026/
EQT,EQT,2021Q3,2021-09-30,분기말 부채총계,재작성 검증 실패(원 공시 유지),14751995000,공시,https://www.sec.gov/Archives/edgar/data/33213/000003321321000026/,,https://www.sec.gov/Archives/edgar/data/33213/000003321321000026/
EQT,EQT,2021Q3,2021-09-30,분기말 총자본(자기자본),재작성 검증 실패(원 공시 유지),8259725000,공시,https://www.sec.gov/Archives/edgar/data/33213/000003321321000026/,,https://www.sec.gov/Archives/edgar/data/33213/000003321321000026/
EQT,EQT,2021Q3,2021-09-30,분기말 지배지분 자본,재작성 검증 실패(원 공시 유지),8248460000,공시,https://www.sec.gov/Archives/edgar/data/33213/000003321321000026/,,https://www.sec.gov/Archives/edgar/data/33213/000003321321000026/
EQT,EQT,2021Q4,2021-12-31,분기별 당기순이익(지배),재작성 반영,1801333000,계산(연간-3분기누적),https://www.sec.gov/Archives/edgar/data/33213/000003321322000007/ ; https://www.sec.gov/Archives/edgar/data/33213/000003321321000026/,1804752000,https://www.sec.gov/Archives/edgar/data/33213/000003321324000008/ ; https://www.sec.gov/Archives/edgar/data/33213/000003321322000028/
EQT,EQT,2021Q4,2021-12-31,분기말 부채총계,재작성 반영,11561625000,공시,https://www.sec.gov/Archives/edgar/data/33213/000003321322000007/,11636389000,https://www.sec.gov/Archives/edgar/data/33213/000003321323000008/
EQT,EQT,2021Q4,2021-12-31,분기말 총자본(자기자본),재작성 반영,10045763000,공시,https://www.sec.gov/Archives/edgar/data/33213/000003321322000007/,9970999000,https://www.sec.gov/Archives/edgar/data/33213/000003321325000011/
EQT,EQT,2021Q4,2021-12-31,분기말 지배지분 자본,재작성 반영,10029527000,공시,https://www.sec.gov/Archives/edgar/data/33213/000003321322000007/,9954763000,https://www.sec.gov/Archives/edgar/data/33213/000003321323000008/
HP,HPQ,2020Q3,2020-10-31,분기별 매출액,재작성 반영,15258000000,계산(연간-3분기누적),https://www.sec.gov/Archives/edgar/data/47217/000004721720000045/ ; https://www.sec.gov/Archives/edgar/data/47217/000004721720000034/,15257000000,https://www.sec.gov/Archives/edgar/data/47217/000004721723000075/ ; https://www.sec.gov/Archives/edgar/data/47217/000004721720000034/
HP,HPQ,2020Q3,2020-10-31,분기별 영업이익,재작성 반영,992000000,계산(연간-3분기누적),https://www.sec.gov/Archives/edgar/data/47217/000004721720000045/ ; https://www.sec.gov/Archives/edgar/data/47217/000004721720000034/,972000000,https://www.sec.gov/Archives/edgar/data/47217/000004721723000075/ ; https://www.sec.gov/Archives/edgar/data/47217/000004721720000034/
HP,HPQ,2020Q3,2020-10-31,분기별 당기순이익(지배),재작성 반영,668000000,계산(연간-3분기누적),https://www.sec.gov/Archives/edgar/data/47217/000004721720000045/ ; https://www.sec.gov/Archives/edgar/data/47217/000004721720000034/,639000000,https://www.sec.gov/Archives/edgar/data/47217/000004721723000075/ ; https://www.sec.gov/Archives/edgar/data/47217/000004721720000034/
HP,HPQ,2020Q3,2020-10-31,분기말 부채총계,재작성 반영,36909000000,계산(부채및자본-총자본),https://www.sec.gov/Archives/edgar/data/47217/000004721720000045/,36956000000,https://www.sec.gov/Archives/edgar/data/47217/000004721720000045/
HP,HPQ,2020Q3,2020-10-31,분기말 총자본(자기자본),재작성 반영,-2228000000,공시(비지배 없음),https://www.sec.gov/Archives/edgar/data/47217/000004721720000045/,-2275000000,https://www.sec.gov/Archives/edgar/data/47217/000004721723000100/
HP,HPQ,2020Q3,2020-10-31,분기말 지배지분 자본,재작성 반영,-2228000000,공시,https://www.sec.gov/Archives/edgar/data/47217/000004721720000045/,-2275000000,https://www.sec.gov/Archives/edgar/data/47217/000004721723000100/
HP,HPQ,2021Q3,2021-10-31,분기별 매출액,재작성 반영,16675000000,계산(연간-3분기누적),https://www.sec.gov/Archives/edgar/data/47217/000004721721000060/ ; https://www.sec.gov/Archives/edgar/data/47217/000004721721000048/,16648000000,https://www.sec.gov/Archives/edgar/data/47217/000004721723000100/ ; https://www.sec.gov/Archives/edgar/data/47217/000004721721000048/
HP,HPQ,2021Q3,2021-10-31,분기별 영업이익,재작성 반영,1238000000,계산(연간-3분기누적),https://www.sec.gov/Archives/edgar/data/47217/000004721721000060/ ; https://www.sec.gov/Archives/edgar/data/47217/000004721721000048/,1295000000,https://www.sec.gov/Archives/edgar/data/47217/000004721723000100/ ; https://www.sec.gov/Archives/edgar/data/47217/000004721721000048/
HP,HPQ,2021Q3,2021-10-31,분기별 당기순이익(지배),재작성 반영,3099000000,계산(연간-3분기누적),https://www.sec.gov/Archives/edgar/data/47217/000004721721000060/ ; https://www.sec.gov/Archives/edgar/data/47217/000004721721000048/,3137000000,https://www.sec.gov/Archives/edgar/data/47217/000004721723000100/ ; https://www.sec.gov/Archives/edgar/data/47217/000004721721000048/
HP,HPQ,2021Q3,2021-10-31,분기말 자산총계,재작성 반영,38610000000,공시,https://www.sec.gov/Archives/edgar/data/47217/000004721721000060/,38605000000,https://www.sec.gov/Archives/edgar/data/47217/000004721723000075/
HP,HPQ,2021Q3,2021-10-31,분기말 부채총계,재작성 반영,40260000000,계산(부채및자본-총자본),https://www.sec.gov/Archives/edgar/data/47217/000004721721000060/,40249000000,https://www.sec.gov/Archives/edgar/data/47217/000004721723000075/
HP,HPQ,2021Q3,2021-10-31,분기말 총자본(자기자본),재작성 반영,-1650000000,공시(비지배 없음),https://www.sec.gov/Archives/edgar/data/47217/000004721721000060/,-1644000000,https://www.sec.gov/Archives/edgar/data/47217/000004721724000080/
HP,HPQ,2021Q3,2021-10-31,분기말 지배지분 자본,재작성 반영,-1650000000,공시,https://www.sec.gov/Archives/edgar/data/47217/000004721721000060/,-1644000000,https://www.sec.gov/Archives/edgar/data/47217/000004721724000080/
HP,HPQ,2021Q4,2022-01-31,분기별 매출액,재작성 반영,17028000000,공시,https://www.sec.gov/Archives/edgar/data/47217/000004721722000013/,17013000000,https://www.sec.gov/Archives/edgar/data/47217/000004721723000076/
HP,HPQ,2021Q4,2022-01-31,분기별 영업이익,재작성 반영,1359000000,공시,https://www.sec.gov/Archives/edgar/data/47217/000004721722000013/,1305000000,https://www.sec.gov/Archives/edgar/data/47217/000004721723000076/
HP,HPQ,2021Q4,2022-01-31,분기별 당기순이익(지배),재작성 반영,1086000000,공시,https://www.sec.gov/Archives/edgar/data/47217/000004721722000013/,1052000000,https://www.sec.gov/Archives/edgar/data/47217/000004721723000076/
HP,HPQ,2022Q1,2022-04-30,분기별 매출액,재작성 반영,16490000000,공시,https://www.sec.gov/Archives/edgar/data/47217/000004721722000037/,16475000000,https://www.sec.gov/Archives/edgar/data/47217/000004721723000076/
HP,HPQ,2022Q1,2022-04-30,분기별 영업이익,재작성 반영,1278000000,공시,https://www.sec.gov/Archives/edgar/data/47217/000004721722000037/,1257000000,https://www.sec.gov/Archives/edgar/data/47217/000004721723000076/
HP,HPQ,2022Q1,2022-04-30,분기별 당기순이익(지배),재작성 반영,1000000000,공시,https://www.sec.gov/Archives/edgar/data/47217/000004721722000037/,981000000,https://www.sec.gov/Archives/edgar/data/47217/000004721723000076/
HP,HPQ,2022Q1,2022-04-30,분기말 지배지분 자본,재작성 반영,-1898000000,공시,https://www.sec.gov/Archives/edgar/data/47217/000004721722000037/,-1960000000,https://www.sec.gov/Archives/edgar/data/47217/000004721723000076/
HP,HPQ,2022Q2,2022-07-31,분기별 매출액,재작성 반영,14664000000,공시,https://www.sec.gov/Archives/edgar/data/47217/000004721722000054/,14648000000,https://www.sec.gov/Archives/edgar/data/47217/000004721723000076/
HP,HPQ,2022Q2,2022-07-31,분기별 영업이익,재작성 반영,1272000000,공시,https://www.sec.gov/Archives/edgar/data/47217/000004721722000054/,1256000000,https://www.sec.gov/Archives/edgar/data/47217/000004721723000076/
HP,HPQ,2022Q2,2022-07-31,분기별 당기순이익(지배),재작성 반영,1119000000,공시,https://www.sec.gov/Archives/edgar/data/47217/000004721722000054/,1122000000,https://www.sec.gov/Archives/edgar/data/47217/000004721723000076/
HP,HPQ,2022Q2,2022-07-31,분기말 지배지분 자본,재작성 반영,-2318000000,공시,https://www.sec.gov/Archives/edgar/data/47217/000004721722000054/,-2376000000,https://www.sec.gov/Archives/edgar/data/47217/000004721723000076/
HP,HPQ,2022Q3,2022-10-31,분기별 매출액,재작성 반영,14728000000,계산(연간-3분기누적),https://www.sec.gov/Archives/edgar/data/47217/000004721723000075/ ; https://www.sec.gov/Archives/edgar/data/47217/000004721722000054/,14774000000,https://www.sec.gov/Archives/edgar/data/47217/000004721723000075/ ; https://www.sec.gov/Archives/edgar/data/47217/000004721723000076/
HP,HPQ,2022Q3,2022-10-31,분기별 영업이익,재작성 반영,650000000,계산(연간-3분기누적),https://www.sec.gov/Archives/edgar/data/47217/000004721723000075/ ; https://www.sec.gov/Archives/edgar/data/47217/000004721722000054/,741000000,https://www.sec.gov/Archives/edgar/data/47217/000004721723000075/ ; https://www.sec.gov/Archives/edgar/data/47217/000004721723000076/
HP,HPQ,2022Q3,2022-10-31,분기별 당기순이익(지배),재작성 반영,-73000000,계산(연간-3분기누적),https://www.sec.gov/Archives/edgar/data/47217/000004721723000075/ ; https://www.sec.gov/Archives/edgar/data/47217/000004721722000054/,-23000000,https://www.sec.gov/Archives/edgar/data/47217/000004721723000075/ ; https://www.sec.gov/Archives/edgar/data/47217/000004721723000076/
HP,HPQ,2022Q4,2023-01-31,분기별 매출액,재작성 반영,13828000000,공시,https://www.sec.gov/Archives/edgar/data/47217/000004721723000019/,13798000000,https://www.sec.gov/Archives/edgar/data/47217/000004721724000024/
HP,HPQ,2022Q4,2023-01-31,분기별 영업이익,재작성 반영,765000000,공시,https://www.sec.gov/Archives/edgar/data/47217/000004721723000019/,743000000,https://www.sec.gov/Archives/edgar/data/47217/000004721724000024/
HP,HPQ,2022Q4,2023-01-31,분기별 당기순이익(지배),재작성 반영,487000000,공시,https://www.sec.gov/Archives/edgar/data/47217/000004721723000019/,469000000,https://www.sec.gov/Archives/edgar/data/47217/000004721724000070/
HP,HPQ,2022Q4,2023-01-31,분기말 부채총계,재작성 반영,39878000000,계산(부채및자본-총자본),https://www.sec.gov/Archives/edgar/data/47217/000004721723000019/,39975000000,https://www.sec.gov/Archives/edgar/data/47217/000004721723000019/
HP,HPQ,2022Q4,2023-01-31,분기말 총자본(자기자본),재작성 반영,-3730000000,공시(비지배 없음),https://www.sec.gov/Archives/edgar/data/47217/000004721723000019/,-3827000000,https://www.sec.gov/Archives/edgar/data/47217/000004721724000070/
HP,HPQ,2022Q4,2023-01-31,분기말 지배지분 자본,재작성 반영,-3730000000,공시,https://www.sec.gov/Archives/edgar/data/47217/000004721723000019/,-3827000000,https://www.sec.gov/Archives/edgar/data/47217/000004721724000070/
HP,HPQ,2023Q1,2023-04-30,분기별 매출액,재작성 반영,12913000000,공시,https://www.sec.gov/Archives/edgar/data/47217/000004721723000038/,12907000000,https://www.sec.gov/Archives/edgar/data/47217/000004721724000041/
HP,HPQ,2023Q1,2023-04-30,분기별 영업이익,재작성 반영,762000000,공시,https://www.sec.gov/Archives/edgar/data/47217/000004721723000038/,747000000,https://www.sec.gov/Archives/edgar/data/47217/000004721724000041/
HP,HPQ,2023Q1,2023-04-30,분기별 당기순이익(지배),재작성 반영,1066000000,공시,https://www.sec.gov/Archives/edgar/data/47217/000004721723000038/,1054000000,https://www.sec.gov/Archives/edgar/data/47217/000004721724000070/
HP,HPQ,2023Q1,2023-04-30,분기말 부채총계,재작성 반영,38850000000,계산(부채및자본-총자본),https://www.sec.gov/Archives/edgar/data/47217/000004721723000038/,38959000000,https://www.sec.gov/Archives/edgar/data/47217/000004721723000038/
HP,HPQ,2023Q1,2023-04-30,분기말 총자본(자기자본),재작성 반영,-2484000000,공시(비지배 없음),https://www.sec.gov/Archives/edgar/data/47217/000004721723000038/,-2593000000,https://www.sec.gov/Archives/edgar/data/47217/000004721724000070/
HP,HPQ,2023Q1,2023-04-30,분기말 지배지분 자본,재작성 반영,-2484000000,공시,https://www.sec.gov/Archives/edgar/data/47217/000004721723000038/,-2593000000,https://www.sec.gov/Archives/edgar/data/47217/000004721724000070/
