기업,종목코드,기간,기준일,항목,구분,원 공시값,원 값구분,원 출처,나중 보고서 값,나중 보고서 출처,라운드
현대로템,064350,2010Q4,2010-12-31,분기말 자산총계,재작성 반영,3102267000000,공시,https://dart.fss.or.kr/dsaf001/main.do?rcpNo=20110331001409,3444960000000,https://dart.fss.or.kr/dsaf001/main.do?rcpNo=20110530000451 ; https://dart.fss.or.kr/dsaf001/main.do?rcpNo=20120330001408,5
현대로템,064350,2010Q4,2010-12-31,분기말 부채총계,재작성 반영,2059579000000,공시,https://dart.fss.or.kr/dsaf001/main.do?rcpNo=20110331001409,2402057000000,https://dart.fss.or.kr/dsaf001/main.do?rcpNo=20110530000451 ; https://dart.fss.or.kr/dsaf001/main.do?rcpNo=20120330001408,5
현대로템,064350,2010Q4,2010-12-31,분기말 총자본(자기자본),재작성 반영,1042688000000,공시,https://dart.fss.or.kr/dsaf001/main.do?rcpNo=20110331001409,1042903000000,https://dart.fss.or.kr/dsaf001/main.do?rcpNo=20110530000451 ; https://dart.fss.or.kr/dsaf001/main.do?rcpNo=20120330001408,5
현대로템,064350,2010Q4,2010-12-31,분기말 지배지분 자본,재작성 반영,1042688000000,공시,https://dart.fss.or.kr/dsaf001/main.do?rcpNo=20110331001409,1000797000000,https://dart.fss.or.kr/dsaf001/main.do?rcpNo=20110530000451 ; https://dart.fss.or.kr/dsaf001/main.do?rcpNo=20120330001408,5
현대로템,064350,2011Q4,2011-12-31,분기말 자산총계,재작성 반영,3585340000000,공시,https://dart.fss.or.kr/dsaf001/main.do?rcpNo=20120330001408,3535915000000,https://dart.fss.or.kr/dsaf001/main.do?rcpNo=20121129000824,5
현대로템,064350,2011Q4,2011-12-31,분기말 부채총계,재작성 반영,2480259000000,공시,https://dart.fss.or.kr/dsaf001/main.do?rcpNo=20120330001408,2430834000000,https://dart.fss.or.kr/dsaf001/main.do?rcpNo=20121129000824,5
현대로템,064350,2017Q1,2017-03-31,분기별 영업활동현금흐름,재작성 반영,-114878827000,공시,https://dart.fss.or.kr/dsaf001/main.do?rcpNo=20170515004317,-115889365000,https://dart.fss.or.kr/dsaf001/main.do?rcpNo=20180515002309,5
현대로템,064350,2017Q2,2017-06-30,분기별 영업활동현금흐름,재작성 반영,349578435000,계산(누적차감),https://dart.fss.or.kr/dsaf001/main.do?rcpNo=20170814001979 ; https://dart.fss.or.kr/dsaf001/main.do?rcpNo=20170515004317,350588973000,https://dart.fss.or.kr/dsaf001/main.do?rcpNo=20180515002309,5
현대로템,064350,2018Q1,2018-03-31,분기별 당기순이익(지배),재작성 반영,-10505389000,공시,https://dart.fss.or.kr/dsaf001/main.do?rcpNo=20180515002309,-10791297000,https://dart.fss.or.kr/dsaf001/main.do?rcpNo=20190515002481,5
