기업,종목코드,기간,기준일,항목,값(원),값구분,출처,라운드
한화시스템,272210,2010Q1,2010-03-31,분기말 자산총계,데이터 없음(최초 보고기간 이전),데이터 없음(최초 보고기간 전),DART 정기보고서 없음,5
한화시스템,272210,2010Q1,2010-03-31,분기말 부채총계,데이터 없음(최초 보고기간 이전),데이터 없음(최초 보고기간 전),DART 정기보고서 없음,5
한화시스템,272210,2010Q1,2010-03-31,분기말 총자본(자기자본),데이터 없음(최초 보고기간 이전),데이터 없음(최초 보고기간 전),DART 정기보고서 없음,5
한화시스템,272210,2010Q1,2010-03-31,분기별 매출액,데이터 없음(최초 보고기간 이전),데이터 없음(최초 보고기간 전),DART 정기보고서 없음,5
한화시스템,272210,2010Q1,2010-03-31,분기별 영업이익,데이터 없음(최초 보고기간 이전),데이터 없음(최초 보고기간 전),DART 정기보고서 없음,5
한화시스템,272210,2010Q1,2010-03-31,분기별 당기순이익(지배),데이터 없음(최초 보고기간 이전),데이터 없음(최초 보고기간 전),DART 정기보고서 없음,5
한화시스템,272210,2010Q1,2010-03-31,분기별 영업활동현금흐름,데이터 없음(최초 보고기간 이전),데이터 없음(최초 보고기간 전),DART 정기보고서 없음,5
한화시스템,272210,2010Q1,2010-03-31,분기말 지배지분 자본,데이터 없음(최초 보고기간 이전),데이터 없음(최초 보고기간 전),DART 정기보고서 없음,5
한화시스템,272210,2010Q1,2010-03-31,분기말 종가,데이터 없음(API 최초 거래일 2019-11-13 이전),데이터 없음(상장 전),KRX 오픈API 종목 기본정보 (상장일 2019-11-13 ; 2010-03-31 코스피·코스닥 일별매매정보에 없음),5
한화시스템,272210,2010Q1,2010-03-31,분기말 상장주식수,데이터 없음(API 최초 거래일 2019-11-13 이전),데이터 없음(상장 전),KRX 오픈API 종목 기본정보 (상장일 2019-11-13 ; 2010-03-31 코스피·코스닥 일별매매정보에 없음),5
한화시스템,272210,2010Q1,2010-03-31,분기말 시가총액,데이터 없음(API 최초 거래일 2019-11-13 이전),데이터 없음(상장 전),KRX 오픈API 종목 기본정보 (상장일 2019-11-13 ; 2010-03-31 코스피·코스닥 일별매매정보에 없음),5
한화시스템,272210,2010Q2,2010-06-30,분기말 자산총계,데이터 없음(최초 보고기간 이전),데이터 없음(최초 보고기간 전),DART 정기보고서 없음,5
한화시스템,272210,2010Q2,2010-06-30,분기말 부채총계,데이터 없음(최초 보고기간 이전),데이터 없음(최초 보고기간 전),DART 정기보고서 없음,5
한화시스템,272210,2010Q2,2010-06-30,분기말 총자본(자기자본),데이터 없음(최초 보고기간 이전),데이터 없음(최초 보고기간 전),DART 정기보고서 없음,5
한화시스템,272210,2010Q2,2010-06-30,분기별 매출액,데이터 없음(최초 보고기간 이전),데이터 없음(최초 보고기간 전),DART 정기보고서 없음,5
한화시스템,272210,2010Q2,2010-06-30,분기별 영업이익,데이터 없음(최초 보고기간 이전),데이터 없음(최초 보고기간 전),DART 정기보고서 없음,5
한화시스템,272210,2010Q2,2010-06-30,분기별 당기순이익(지배),데이터 없음(최초 보고기간 이전),데이터 없음(최초 보고기간 전),DART 정기보고서 없음,5
한화시스템,272210,2010Q2,2010-06-30,분기별 영업활동현금흐름,데이터 없음(최초 보고기간 이전),데이터 없음(최초 보고기간 전),DART 정기보고서 없음,5
한화시스템,272210,2010Q2,2010-06-30,분기말 지배지분 자본,데이터 없음(최초 보고기간 이전),데이터 없음(최초 보고기간 전),DART 정기보고서 없음,5
한화시스템,272210,2010Q2,2010-06-30,분기말 종가,데이터 없음(API 최초 거래일 2019-11-13 이전),데이터 없음(상장 전),KRX 오픈API 종목 기본정보 (상장일 2019-11-13 ; 2010-06-30 코스피·코스닥 일별매매정보에 없음),5
한화시스템,272210,2010Q2,2010-06-30,분기말 상장주식수,데이터 없음(API 최초 거래일 2019-11-13 이전),데이터 없음(상장 전),KRX 오픈API 종목 기본정보 (상장일 2019-11-13 ; 2010-06-30 코스피·코스닥 일별매매정보에 없음),5
한화시스템,272210,2010Q2,2010-06-30,분기말 시가총액,데이터 없음(API 최초 거래일 2019-11-13 이전),데이터 없음(상장 전),KRX 오픈API 종목 기본정보 (상장일 2019-11-13 ; 2010-06-30 코스피·코스닥 일별매매정보에 없음),5
한화시스템,272210,2010Q3,2010-09-30,분기말 자산총계,데이터 없음(최초 보고기간 이전),데이터 없음(최초 보고기간 전),DART 정기보고서 없음,5
한화시스템,272210,2010Q3,2010-09-30,분기말 부채총계,데이터 없음(최초 보고기간 이전),데이터 없음(최초 보고기간 전),DART 정기보고서 없음,5
한화시스템,272210,2010Q3,2010-09-30,분기말 총자본(자기자본),데이터 없음(최초 보고기간 이전),데이터 없음(최초 보고기간 전),DART 정기보고서 없음,5
한화시스템,272210,2010Q3,2010-09-30,분기별 매출액,데이터 없음(최초 보고기간 이전),데이터 없음(최초 보고기간 전),DART 정기보고서 없음,5
한화시스템,272210,2010Q3,2010-09-30,분기별 영업이익,데이터 없음(최초 보고기간 이전),데이터 없음(최초 보고기간 전),DART 정기보고서 없음,5
한화시스템,272210,2010Q3,2010-09-30,분기별 당기순이익(지배),데이터 없음(최초 보고기간 이전),데이터 없음(최초 보고기간 전),DART 정기보고서 없음,5
한화시스템,272210,2010Q3,2010-09-30,분기별 영업활동현금흐름,데이터 없음(최초 보고기간 이전),데이터 없음(최초 보고기간 전),DART 정기보고서 없음,5
한화시스템,272210,2010Q3,2010-09-30,분기말 지배지분 자본,데이터 없음(최초 보고기간 이전),데이터 없음(최초 보고기간 전),DART 정기보고서 없음,5
한화시스템,272210,2010Q3,2010-09-30,분기말 종가,데이터 없음(API 최초 거래일 2019-11-13 이전),데이터 없음(상장 전),KRX 오픈API 종목 기본정보 (상장일 2019-11-13 ; 2010-09-30 코스피·코스닥 일별매매정보에 없음),5
한화시스템,272210,2010Q3,2010-09-30,분기말 상장주식수,데이터 없음(API 최초 거래일 2019-11-13 이전),데이터 없음(상장 전),KRX 오픈API 종목 기본정보 (상장일 2019-11-13 ; 2010-09-30 코스피·코스닥 일별매매정보에 없음),5
한화시스템,272210,2010Q3,2010-09-30,분기말 시가총액,데이터 없음(API 최초 거래일 2019-11-13 이전),데이터 없음(상장 전),KRX 오픈API 종목 기본정보 (상장일 2019-11-13 ; 2010-09-30 코스피·코스닥 일별매매정보에 없음),5
한화시스템,272210,2010Q4,2010-12-31,분기말 자산총계,데이터 없음(최초 보고기간 이전),데이터 없음(최초 보고기간 전),DART 정기보고서 없음,5
한화시스템,272210,2010Q4,2010-12-31,분기말 부채총계,데이터 없음(최초 보고기간 이전),데이터 없음(최초 보고기간 전),DART 정기보고서 없음,5
한화시스템,272210,2010Q4,2010-12-31,분기말 총자본(자기자본),데이터 없음(최초 보고기간 이전),데이터 없음(최초 보고기간 전),DART 정기보고서 없음,5
한화시스템,272210,2010Q4,2010-12-31,분기별 매출액,데이터 없음(최초 보고기간 이전),데이터 없음(최초 보고기간 전),DART 정기보고서 없음,5
한화시스템,272210,2010Q4,2010-12-31,분기별 영업이익,데이터 없음(최초 보고기간 이전),데이터 없음(최초 보고기간 전),DART 정기보고서 없음,5
한화시스템,272210,2010Q4,2010-12-31,분기별 당기순이익(지배),데이터 없음(최초 보고기간 이전),데이터 없음(최초 보고기간 전),DART 정기보고서 없음,5
한화시스템,272210,2010Q4,2010-12-31,분기별 영업활동현금흐름,데이터 없음(최초 보고기간 이전),데이터 없음(최초 보고기간 전),DART 정기보고서 없음,5
한화시스템,272210,2010Q4,2010-12-31,분기말 지배지분 자본,데이터 없음(최초 보고기간 이전),데이터 없음(최초 보고기간 전),DART 정기보고서 없음,5
한화시스템,272210,2010Q4,2010-12-31,분기말 종가,데이터 없음(API 최초 거래일 2019-11-13 이전),데이터 없음(상장 전),KRX 오픈API 종목 기본정보 (상장일 2019-11-13 ; 2010-12-30 코스피·코스닥 일별매매정보에 없음),5
한화시스템,272210,2010Q4,2010-12-31,분기말 상장주식수,데이터 없음(API 최초 거래일 2019-11-13 이전),데이터 없음(상장 전),KRX 오픈API 종목 기본정보 (상장일 2019-11-13 ; 2010-12-30 코스피·코스닥 일별매매정보에 없음),5
한화시스템,272210,2010Q4,2010-12-31,분기말 시가총액,데이터 없음(API 최초 거래일 2019-11-13 이전),데이터 없음(상장 전),KRX 오픈API 종목 기본정보 (상장일 2019-11-13 ; 2010-12-30 코스피·코스닥 일별매매정보에 없음),5
한화시스템,272210,2011Q1,2011-03-31,분기말 자산총계,데이터 없음(최초 보고기간 이전),데이터 없음(최초 보고기간 전),DART 정기보고서 없음,5
한화시스템,272210,2011Q1,2011-03-31,분기말 부채총계,데이터 없음(최초 보고기간 이전),데이터 없음(최초 보고기간 전),DART 정기보고서 없음,5
한화시스템,272210,2011Q1,2011-03-31,분기말 총자본(자기자본),데이터 없음(최초 보고기간 이전),데이터 없음(최초 보고기간 전),DART 정기보고서 없음,5
한화시스템,272210,2011Q1,2011-03-31,분기별 매출액,데이터 없음(최초 보고기간 이전),데이터 없음(최초 보고기간 전),DART 정기보고서 없음,5
한화시스템,272210,2011Q1,2011-03-31,분기별 영업이익,데이터 없음(최초 보고기간 이전),데이터 없음(최초 보고기간 전),DART 정기보고서 없음,5
한화시스템,272210,2011Q1,2011-03-31,분기별 당기순이익(지배),데이터 없음(최초 보고기간 이전),데이터 없음(최초 보고기간 전),DART 정기보고서 없음,5
한화시스템,272210,2011Q1,2011-03-31,분기별 영업활동현금흐름,데이터 없음(최초 보고기간 이전),데이터 없음(최초 보고기간 전),DART 정기보고서 없음,5
한화시스템,272210,2011Q1,2011-03-31,분기말 지배지분 자본,데이터 없음(최초 보고기간 이전),데이터 없음(최초 보고기간 전),DART 정기보고서 없음,5
한화시스템,272210,2011Q1,2011-03-31,분기말 종가,데이터 없음(API 최초 거래일 2019-11-13 이전),데이터 없음(상장 전),KRX 오픈API 종목 기본정보 (상장일 2019-11-13 ; 2011-03-31 코스피·코스닥 일별매매정보에 없음),5
한화시스템,272210,2011Q1,2011-03-31,분기말 상장주식수,데이터 없음(API 최초 거래일 2019-11-13 이전),데이터 없음(상장 전),KRX 오픈API 종목 기본정보 (상장일 2019-11-13 ; 2011-03-31 코스피·코스닥 일별매매정보에 없음),5
한화시스템,272210,2011Q1,2011-03-31,분기말 시가총액,데이터 없음(API 최초 거래일 2019-11-13 이전),데이터 없음(상장 전),KRX 오픈API 종목 기본정보 (상장일 2019-11-13 ; 2011-03-31 코스피·코스닥 일별매매정보에 없음),5
한화시스템,272210,2011Q2,2011-06-30,분기말 자산총계,데이터 없음(최초 보고기간 이전),데이터 없음(최초 보고기간 전),DART 정기보고서 없음,5
한화시스템,272210,2011Q2,2011-06-30,분기말 부채총계,데이터 없음(최초 보고기간 이전),데이터 없음(최초 보고기간 전),DART 정기보고서 없음,5
한화시스템,272210,2011Q2,2011-06-30,분기말 총자본(자기자본),데이터 없음(최초 보고기간 이전),데이터 없음(최초 보고기간 전),DART 정기보고서 없음,5
한화시스템,272210,2011Q2,2011-06-30,분기별 매출액,데이터 없음(최초 보고기간 이전),데이터 없음(최초 보고기간 전),DART 정기보고서 없음,5
한화시스템,272210,2011Q2,2011-06-30,분기별 영업이익,데이터 없음(최초 보고기간 이전),데이터 없음(최초 보고기간 전),DART 정기보고서 없음,5
한화시스템,272210,2011Q2,2011-06-30,분기별 당기순이익(지배),데이터 없음(최초 보고기간 이전),데이터 없음(최초 보고기간 전),DART 정기보고서 없음,5
한화시스템,272210,2011Q2,2011-06-30,분기별 영업활동현금흐름,데이터 없음(최초 보고기간 이전),데이터 없음(최초 보고기간 전),DART 정기보고서 없음,5
한화시스템,272210,2011Q2,2011-06-30,분기말 지배지분 자본,데이터 없음(최초 보고기간 이전),데이터 없음(최초 보고기간 전),DART 정기보고서 없음,5
한화시스템,272210,2011Q2,2011-06-30,분기말 종가,데이터 없음(API 최초 거래일 2019-11-13 이전),데이터 없음(상장 전),KRX 오픈API 종목 기본정보 (상장일 2019-11-13 ; 2011-06-30 코스피·코스닥 일별매매정보에 없음),5
한화시스템,272210,2011Q2,2011-06-30,분기말 상장주식수,데이터 없음(API 최초 거래일 2019-11-13 이전),데이터 없음(상장 전),KRX 오픈API 종목 기본정보 (상장일 2019-11-13 ; 2011-06-30 코스피·코스닥 일별매매정보에 없음),5
한화시스템,272210,2011Q2,2011-06-30,분기말 시가총액,데이터 없음(API 최초 거래일 2019-11-13 이전),데이터 없음(상장 전),KRX 오픈API 종목 기본정보 (상장일 2019-11-13 ; 2011-06-30 코스피·코스닥 일별매매정보에 없음),5
한화시스템,272210,2011Q3,2011-09-30,분기말 자산총계,데이터 없음(최초 보고기간 이전),데이터 없음(최초 보고기간 전),DART 정기보고서 없음,5
한화시스템,272210,2011Q3,2011-09-30,분기말 부채총계,데이터 없음(최초 보고기간 이전),데이터 없음(최초 보고기간 전),DART 정기보고서 없음,5
한화시스템,272210,2011Q3,2011-09-30,분기말 총자본(자기자본),데이터 없음(최초 보고기간 이전),데이터 없음(최초 보고기간 전),DART 정기보고서 없음,5
한화시스템,272210,2011Q3,2011-09-30,분기별 매출액,데이터 없음(최초 보고기간 이전),데이터 없음(최초 보고기간 전),DART 정기보고서 없음,5
한화시스템,272210,2011Q3,2011-09-30,분기별 영업이익,데이터 없음(최초 보고기간 이전),데이터 없음(최초 보고기간 전),DART 정기보고서 없음,5
한화시스템,272210,2011Q3,2011-09-30,분기별 당기순이익(지배),데이터 없음(최초 보고기간 이전),데이터 없음(최초 보고기간 전),DART 정기보고서 없음,5
한화시스템,272210,2011Q3,2011-09-30,분기별 영업활동현금흐름,데이터 없음(최초 보고기간 이전),데이터 없음(최초 보고기간 전),DART 정기보고서 없음,5
한화시스템,272210,2011Q3,2011-09-30,분기말 지배지분 자본,데이터 없음(최초 보고기간 이전),데이터 없음(최초 보고기간 전),DART 정기보고서 없음,5
한화시스템,272210,2011Q3,2011-09-30,분기말 종가,데이터 없음(API 최초 거래일 2019-11-13 이전),데이터 없음(상장 전),KRX 오픈API 종목 기본정보 (상장일 2019-11-13 ; 2011-09-30 코스피·코스닥 일별매매정보에 없음),5
한화시스템,272210,2011Q3,2011-09-30,분기말 상장주식수,데이터 없음(API 최초 거래일 2019-11-13 이전),데이터 없음(상장 전),KRX 오픈API 종목 기본정보 (상장일 2019-11-13 ; 2011-09-30 코스피·코스닥 일별매매정보에 없음),5
한화시스템,272210,2011Q3,2011-09-30,분기말 시가총액,데이터 없음(API 최초 거래일 2019-11-13 이전),데이터 없음(상장 전),KRX 오픈API 종목 기본정보 (상장일 2019-11-13 ; 2011-09-30 코스피·코스닥 일별매매정보에 없음),5
한화시스템,272210,2011Q4,2011-12-31,분기말 자산총계,데이터 없음(최초 보고기간 이전),데이터 없음(최초 보고기간 전),DART 정기보고서 없음,5
한화시스템,272210,2011Q4,2011-12-31,분기말 부채총계,데이터 없음(최초 보고기간 이전),데이터 없음(최초 보고기간 전),DART 정기보고서 없음,5
한화시스템,272210,2011Q4,2011-12-31,분기말 총자본(자기자본),데이터 없음(최초 보고기간 이전),데이터 없음(최초 보고기간 전),DART 정기보고서 없음,5
한화시스템,272210,2011Q4,2011-12-31,분기별 매출액,데이터 없음(최초 보고기간 이전),데이터 없음(최초 보고기간 전),DART 정기보고서 없음,5
한화시스템,272210,2011Q4,2011-12-31,분기별 영업이익,데이터 없음(최초 보고기간 이전),데이터 없음(최초 보고기간 전),DART 정기보고서 없음,5
한화시스템,272210,2011Q4,2011-12-31,분기별 당기순이익(지배),데이터 없음(최초 보고기간 이전),데이터 없음(최초 보고기간 전),DART 정기보고서 없음,5
한화시스템,272210,2011Q4,2011-12-31,분기별 영업활동현금흐름,데이터 없음(최초 보고기간 이전),데이터 없음(최초 보고기간 전),DART 정기보고서 없음,5
한화시스템,272210,2011Q4,2011-12-31,분기말 지배지분 자본,데이터 없음(최초 보고기간 이전),데이터 없음(최초 보고기간 전),DART 정기보고서 없음,5
한화시스템,272210,2011Q4,2011-12-31,분기말 종가,데이터 없음(API 최초 거래일 2019-11-13 이전),데이터 없음(상장 전),KRX 오픈API 종목 기본정보 (상장일 2019-11-13 ; 2011-12-29 코스피·코스닥 일별매매정보에 없음),5
한화시스템,272210,2011Q4,2011-12-31,분기말 상장주식수,데이터 없음(API 최초 거래일 2019-11-13 이전),데이터 없음(상장 전),KRX 오픈API 종목 기본정보 (상장일 2019-11-13 ; 2011-12-29 코스피·코스닥 일별매매정보에 없음),5
한화시스템,272210,2011Q4,2011-12-31,분기말 시가총액,데이터 없음(API 최초 거래일 2019-11-13 이전),데이터 없음(상장 전),KRX 오픈API 종목 기본정보 (상장일 2019-11-13 ; 2011-12-29 코스피·코스닥 일별매매정보에 없음),5
한화시스템,272210,2012Q1,2012-03-31,분기말 자산총계,데이터 없음(최초 보고기간 이전),데이터 없음(최초 보고기간 전),DART 정기보고서 없음,5
한화시스템,272210,2012Q1,2012-03-31,분기말 부채총계,데이터 없음(최초 보고기간 이전),데이터 없음(최초 보고기간 전),DART 정기보고서 없음,5
한화시스템,272210,2012Q1,2012-03-31,분기말 총자본(자기자본),데이터 없음(최초 보고기간 이전),데이터 없음(최초 보고기간 전),DART 정기보고서 없음,5
한화시스템,272210,2012Q1,2012-03-31,분기별 매출액,데이터 없음(최초 보고기간 이전),데이터 없음(최초 보고기간 전),DART 정기보고서 없음,5
한화시스템,272210,2012Q1,2012-03-31,분기별 영업이익,데이터 없음(최초 보고기간 이전),데이터 없음(최초 보고기간 전),DART 정기보고서 없음,5
한화시스템,272210,2012Q1,2012-03-31,분기별 당기순이익(지배),데이터 없음(최초 보고기간 이전),데이터 없음(최초 보고기간 전),DART 정기보고서 없음,5
한화시스템,272210,2012Q1,2012-03-31,분기별 영업활동현금흐름,데이터 없음(최초 보고기간 이전),데이터 없음(최초 보고기간 전),DART 정기보고서 없음,5
한화시스템,272210,2012Q1,2012-03-31,분기말 지배지분 자본,데이터 없음(최초 보고기간 이전),데이터 없음(최초 보고기간 전),DART 정기보고서 없음,5
한화시스템,272210,2012Q1,2012-03-31,분기말 종가,데이터 없음(API 최초 거래일 2019-11-13 이전),데이터 없음(상장 전),KRX 오픈API 종목 기본정보 (상장일 2019-11-13 ; 2012-03-30 코스피·코스닥 일별매매정보에 없음),5
한화시스템,272210,2012Q1,2012-03-31,분기말 상장주식수,데이터 없음(API 최초 거래일 2019-11-13 이전),데이터 없음(상장 전),KRX 오픈API 종목 기본정보 (상장일 2019-11-13 ; 2012-03-30 코스피·코스닥 일별매매정보에 없음),5
한화시스템,272210,2012Q1,2012-03-31,분기말 시가총액,데이터 없음(API 최초 거래일 2019-11-13 이전),데이터 없음(상장 전),KRX 오픈API 종목 기본정보 (상장일 2019-11-13 ; 2012-03-30 코스피·코스닥 일별매매정보에 없음),5
한화시스템,272210,2012Q2,2012-06-30,분기말 자산총계,데이터 없음(최초 보고기간 이전),데이터 없음(최초 보고기간 전),DART 정기보고서 없음,5
한화시스템,272210,2012Q2,2012-06-30,분기말 부채총계,데이터 없음(최초 보고기간 이전),데이터 없음(최초 보고기간 전),DART 정기보고서 없음,5
한화시스템,272210,2012Q2,2012-06-30,분기말 총자본(자기자본),데이터 없음(최초 보고기간 이전),데이터 없음(최초 보고기간 전),DART 정기보고서 없음,5
한화시스템,272210,2012Q2,2012-06-30,분기별 매출액,데이터 없음(최초 보고기간 이전),데이터 없음(최초 보고기간 전),DART 정기보고서 없음,5
한화시스템,272210,2012Q2,2012-06-30,분기별 영업이익,데이터 없음(최초 보고기간 이전),데이터 없음(최초 보고기간 전),DART 정기보고서 없음,5
한화시스템,272210,2012Q2,2012-06-30,분기별 당기순이익(지배),데이터 없음(최초 보고기간 이전),데이터 없음(최초 보고기간 전),DART 정기보고서 없음,5
한화시스템,272210,2012Q2,2012-06-30,분기별 영업활동현금흐름,데이터 없음(최초 보고기간 이전),데이터 없음(최초 보고기간 전),DART 정기보고서 없음,5
한화시스템,272210,2012Q2,2012-06-30,분기말 지배지분 자본,데이터 없음(최초 보고기간 이전),데이터 없음(최초 보고기간 전),DART 정기보고서 없음,5
한화시스템,272210,2012Q2,2012-06-30,분기말 종가,데이터 없음(API 최초 거래일 2019-11-13 이전),데이터 없음(상장 전),KRX 오픈API 종목 기본정보 (상장일 2019-11-13 ; 2012-06-29 코스피·코스닥 일별매매정보에 없음),5
한화시스템,272210,2012Q2,2012-06-30,분기말 상장주식수,데이터 없음(API 최초 거래일 2019-11-13 이전),데이터 없음(상장 전),KRX 오픈API 종목 기본정보 (상장일 2019-11-13 ; 2012-06-29 코스피·코스닥 일별매매정보에 없음),5
한화시스템,272210,2012Q2,2012-06-30,분기말 시가총액,데이터 없음(API 최초 거래일 2019-11-13 이전),데이터 없음(상장 전),KRX 오픈API 종목 기본정보 (상장일 2019-11-13 ; 2012-06-29 코스피·코스닥 일별매매정보에 없음),5
한화시스템,272210,2012Q3,2012-09-30,분기말 자산총계,데이터 없음(최초 보고기간 이전),데이터 없음(최초 보고기간 전),DART 정기보고서 없음,5
한화시스템,272210,2012Q3,2012-09-30,분기말 부채총계,데이터 없음(최초 보고기간 이전),데이터 없음(최초 보고기간 전),DART 정기보고서 없음,5
한화시스템,272210,2012Q3,2012-09-30,분기말 총자본(자기자본),데이터 없음(최초 보고기간 이전),데이터 없음(최초 보고기간 전),DART 정기보고서 없음,5
한화시스템,272210,2012Q3,2012-09-30,분기별 매출액,데이터 없음(최초 보고기간 이전),데이터 없음(최초 보고기간 전),DART 정기보고서 없음,5
한화시스템,272210,2012Q3,2012-09-30,분기별 영업이익,데이터 없음(최초 보고기간 이전),데이터 없음(최초 보고기간 전),DART 정기보고서 없음,5
한화시스템,272210,2012Q3,2012-09-30,분기별 당기순이익(지배),데이터 없음(최초 보고기간 이전),데이터 없음(최초 보고기간 전),DART 정기보고서 없음,5
한화시스템,272210,2012Q3,2012-09-30,분기별 영업활동현금흐름,데이터 없음(최초 보고기간 이전),데이터 없음(최초 보고기간 전),DART 정기보고서 없음,5
한화시스템,272210,2012Q3,2012-09-30,분기말 지배지분 자본,데이터 없음(최초 보고기간 이전),데이터 없음(최초 보고기간 전),DART 정기보고서 없음,5
한화시스템,272210,2012Q3,2012-09-30,분기말 종가,데이터 없음(API 최초 거래일 2019-11-13 이전),데이터 없음(상장 전),KRX 오픈API 종목 기본정보 (상장일 2019-11-13 ; 2012-09-28 코스피·코스닥 일별매매정보에 없음),5
한화시스템,272210,2012Q3,2012-09-30,분기말 상장주식수,데이터 없음(API 최초 거래일 2019-11-13 이전),데이터 없음(상장 전),KRX 오픈API 종목 기본정보 (상장일 2019-11-13 ; 2012-09-28 코스피·코스닥 일별매매정보에 없음),5
한화시스템,272210,2012Q3,2012-09-30,분기말 시가총액,데이터 없음(API 최초 거래일 2019-11-13 이전),데이터 없음(상장 전),KRX 오픈API 종목 기본정보 (상장일 2019-11-13 ; 2012-09-28 코스피·코스닥 일별매매정보에 없음),5
한화시스템,272210,2012Q4,2012-12-31,분기말 자산총계,데이터 없음(최초 보고기간 이전),데이터 없음(최초 보고기간 전),DART 정기보고서 없음,5
한화시스템,272210,2012Q4,2012-12-31,분기말 부채총계,데이터 없음(최초 보고기간 이전),데이터 없음(최초 보고기간 전),DART 정기보고서 없음,5
한화시스템,272210,2012Q4,2012-12-31,분기말 총자본(자기자본),데이터 없음(최초 보고기간 이전),데이터 없음(최초 보고기간 전),DART 정기보고서 없음,5
한화시스템,272210,2012Q4,2012-12-31,분기별 매출액,데이터 없음(최초 보고기간 이전),데이터 없음(최초 보고기간 전),DART 정기보고서 없음,5
한화시스템,272210,2012Q4,2012-12-31,분기별 영업이익,데이터 없음(최초 보고기간 이전),데이터 없음(최초 보고기간 전),DART 정기보고서 없음,5
한화시스템,272210,2012Q4,2012-12-31,분기별 당기순이익(지배),데이터 없음(최초 보고기간 이전),데이터 없음(최초 보고기간 전),DART 정기보고서 없음,5
한화시스템,272210,2012Q4,2012-12-31,분기별 영업활동현금흐름,데이터 없음(최초 보고기간 이전),데이터 없음(최초 보고기간 전),DART 정기보고서 없음,5
한화시스템,272210,2012Q4,2012-12-31,분기말 지배지분 자본,데이터 없음(최초 보고기간 이전),데이터 없음(최초 보고기간 전),DART 정기보고서 없음,5
한화시스템,272210,2012Q4,2012-12-31,분기말 종가,데이터 없음(API 최초 거래일 2019-11-13 이전),데이터 없음(상장 전),KRX 오픈API 종목 기본정보 (상장일 2019-11-13 ; 2012-12-28 코스피·코스닥 일별매매정보에 없음),5
한화시스템,272210,2012Q4,2012-12-31,분기말 상장주식수,데이터 없음(API 최초 거래일 2019-11-13 이전),데이터 없음(상장 전),KRX 오픈API 종목 기본정보 (상장일 2019-11-13 ; 2012-12-28 코스피·코스닥 일별매매정보에 없음),5
한화시스템,272210,2012Q4,2012-12-31,분기말 시가총액,데이터 없음(API 최초 거래일 2019-11-13 이전),데이터 없음(상장 전),KRX 오픈API 종목 기본정보 (상장일 2019-11-13 ; 2012-12-28 코스피·코스닥 일별매매정보에 없음),5
한화시스템,272210,2013Q1,2013-03-31,분기말 자산총계,데이터 없음(최초 보고기간 이전),데이터 없음(최초 보고기간 전),DART 정기보고서 없음,5
한화시스템,272210,2013Q1,2013-03-31,분기말 부채총계,데이터 없음(최초 보고기간 이전),데이터 없음(최초 보고기간 전),DART 정기보고서 없음,5
한화시스템,272210,2013Q1,2013-03-31,분기말 총자본(자기자본),데이터 없음(최초 보고기간 이전),데이터 없음(최초 보고기간 전),DART 정기보고서 없음,5
한화시스템,272210,2013Q1,2013-03-31,분기별 매출액,데이터 없음(최초 보고기간 이전),데이터 없음(최초 보고기간 전),DART 정기보고서 없음,5
한화시스템,272210,2013Q1,2013-03-31,분기별 영업이익,데이터 없음(최초 보고기간 이전),데이터 없음(최초 보고기간 전),DART 정기보고서 없음,5
한화시스템,272210,2013Q1,2013-03-31,분기별 당기순이익(지배),데이터 없음(최초 보고기간 이전),데이터 없음(최초 보고기간 전),DART 정기보고서 없음,5
한화시스템,272210,2013Q1,2013-03-31,분기별 영업활동현금흐름,데이터 없음(최초 보고기간 이전),데이터 없음(최초 보고기간 전),DART 정기보고서 없음,5
한화시스템,272210,2013Q1,2013-03-31,분기말 지배지분 자본,데이터 없음(최초 보고기간 이전),데이터 없음(최초 보고기간 전),DART 정기보고서 없음,5
한화시스템,272210,2013Q1,2013-03-31,분기말 종가,데이터 없음(API 최초 거래일 2019-11-13 이전),데이터 없음(상장 전),KRX 오픈API 종목 기본정보 (상장일 2019-11-13 ; 2013-03-29 코스피·코스닥 일별매매정보에 없음),5
한화시스템,272210,2013Q1,2013-03-31,분기말 상장주식수,데이터 없음(API 최초 거래일 2019-11-13 이전),데이터 없음(상장 전),KRX 오픈API 종목 기본정보 (상장일 2019-11-13 ; 2013-03-29 코스피·코스닥 일별매매정보에 없음),5
한화시스템,272210,2013Q1,2013-03-31,분기말 시가총액,데이터 없음(API 최초 거래일 2019-11-13 이전),데이터 없음(상장 전),KRX 오픈API 종목 기본정보 (상장일 2019-11-13 ; 2013-03-29 코스피·코스닥 일별매매정보에 없음),5
한화시스템,272210,2013Q2,2013-06-30,분기말 자산총계,데이터 없음(최초 보고기간 이전),데이터 없음(최초 보고기간 전),DART 정기보고서 없음,5
한화시스템,272210,2013Q2,2013-06-30,분기말 부채총계,데이터 없음(최초 보고기간 이전),데이터 없음(최초 보고기간 전),DART 정기보고서 없음,5
한화시스템,272210,2013Q2,2013-06-30,분기말 총자본(자기자본),데이터 없음(최초 보고기간 이전),데이터 없음(최초 보고기간 전),DART 정기보고서 없음,5
한화시스템,272210,2013Q2,2013-06-30,분기별 매출액,데이터 없음(최초 보고기간 이전),데이터 없음(최초 보고기간 전),DART 정기보고서 없음,5
한화시스템,272210,2013Q2,2013-06-30,분기별 영업이익,데이터 없음(최초 보고기간 이전),데이터 없음(최초 보고기간 전),DART 정기보고서 없음,5
한화시스템,272210,2013Q2,2013-06-30,분기별 당기순이익(지배),데이터 없음(최초 보고기간 이전),데이터 없음(최초 보고기간 전),DART 정기보고서 없음,5
한화시스템,272210,2013Q2,2013-06-30,분기별 영업활동현금흐름,데이터 없음(최초 보고기간 이전),데이터 없음(최초 보고기간 전),DART 정기보고서 없음,5
한화시스템,272210,2013Q2,2013-06-30,분기말 지배지분 자본,데이터 없음(최초 보고기간 이전),데이터 없음(최초 보고기간 전),DART 정기보고서 없음,5
한화시스템,272210,2013Q2,2013-06-30,분기말 종가,데이터 없음(API 최초 거래일 2019-11-13 이전),데이터 없음(상장 전),KRX 오픈API 종목 기본정보 (상장일 2019-11-13 ; 2013-06-28 코스피·코스닥 일별매매정보에 없음),5
한화시스템,272210,2013Q2,2013-06-30,분기말 상장주식수,데이터 없음(API 최초 거래일 2019-11-13 이전),데이터 없음(상장 전),KRX 오픈API 종목 기본정보 (상장일 2019-11-13 ; 2013-06-28 코스피·코스닥 일별매매정보에 없음),5
한화시스템,272210,2013Q2,2013-06-30,분기말 시가총액,데이터 없음(API 최초 거래일 2019-11-13 이전),데이터 없음(상장 전),KRX 오픈API 종목 기본정보 (상장일 2019-11-13 ; 2013-06-28 코스피·코스닥 일별매매정보에 없음),5
한화시스템,272210,2013Q3,2013-09-30,분기말 자산총계,데이터 없음(최초 보고기간 이전),데이터 없음(최초 보고기간 전),DART 정기보고서 없음,5
한화시스템,272210,2013Q3,2013-09-30,분기말 부채총계,데이터 없음(최초 보고기간 이전),데이터 없음(최초 보고기간 전),DART 정기보고서 없음,5
한화시스템,272210,2013Q3,2013-09-30,분기말 총자본(자기자본),데이터 없음(최초 보고기간 이전),데이터 없음(최초 보고기간 전),DART 정기보고서 없음,5
한화시스템,272210,2013Q3,2013-09-30,분기별 매출액,데이터 없음(최초 보고기간 이전),데이터 없음(최초 보고기간 전),DART 정기보고서 없음,5
한화시스템,272210,2013Q3,2013-09-30,분기별 영업이익,데이터 없음(최초 보고기간 이전),데이터 없음(최초 보고기간 전),DART 정기보고서 없음,5
한화시스템,272210,2013Q3,2013-09-30,분기별 당기순이익(지배),데이터 없음(최초 보고기간 이전),데이터 없음(최초 보고기간 전),DART 정기보고서 없음,5
한화시스템,272210,2013Q3,2013-09-30,분기별 영업활동현금흐름,데이터 없음(최초 보고기간 이전),데이터 없음(최초 보고기간 전),DART 정기보고서 없음,5
한화시스템,272210,2013Q3,2013-09-30,분기말 지배지분 자본,데이터 없음(최초 보고기간 이전),데이터 없음(최초 보고기간 전),DART 정기보고서 없음,5
한화시스템,272210,2013Q3,2013-09-30,분기말 종가,데이터 없음(API 최초 거래일 2019-11-13 이전),데이터 없음(상장 전),KRX 오픈API 종목 기본정보 (상장일 2019-11-13 ; 2013-09-30 코스피·코스닥 일별매매정보에 없음),5
한화시스템,272210,2013Q3,2013-09-30,분기말 상장주식수,데이터 없음(API 최초 거래일 2019-11-13 이전),데이터 없음(상장 전),KRX 오픈API 종목 기본정보 (상장일 2019-11-13 ; 2013-09-30 코스피·코스닥 일별매매정보에 없음),5
한화시스템,272210,2013Q3,2013-09-30,분기말 시가총액,데이터 없음(API 최초 거래일 2019-11-13 이전),데이터 없음(상장 전),KRX 오픈API 종목 기본정보 (상장일 2019-11-13 ; 2013-09-30 코스피·코스닥 일별매매정보에 없음),5
한화시스템,272210,2013Q4,2013-12-31,분기말 자산총계,데이터 없음(최초 보고기간 이전),데이터 없음(최초 보고기간 전),DART 정기보고서 없음,5
한화시스템,272210,2013Q4,2013-12-31,분기말 부채총계,데이터 없음(최초 보고기간 이전),데이터 없음(최초 보고기간 전),DART 정기보고서 없음,5
한화시스템,272210,2013Q4,2013-12-31,분기말 총자본(자기자본),데이터 없음(최초 보고기간 이전),데이터 없음(최초 보고기간 전),DART 정기보고서 없음,5
한화시스템,272210,2013Q4,2013-12-31,분기별 매출액,데이터 없음(최초 보고기간 이전),데이터 없음(최초 보고기간 전),DART 정기보고서 없음,5
한화시스템,272210,2013Q4,2013-12-31,분기별 영업이익,데이터 없음(최초 보고기간 이전),데이터 없음(최초 보고기간 전),DART 정기보고서 없음,5
한화시스템,272210,2013Q4,2013-12-31,분기별 당기순이익(지배),데이터 없음(최초 보고기간 이전),데이터 없음(최초 보고기간 전),DART 정기보고서 없음,5
한화시스템,272210,2013Q4,2013-12-31,분기별 영업활동현금흐름,데이터 없음(최초 보고기간 이전),데이터 없음(최초 보고기간 전),DART 정기보고서 없음,5
한화시스템,272210,2013Q4,2013-12-31,분기말 지배지분 자본,데이터 없음(최초 보고기간 이전),데이터 없음(최초 보고기간 전),DART 정기보고서 없음,5
한화시스템,272210,2013Q4,2013-12-31,분기말 종가,데이터 없음(API 최초 거래일 2019-11-13 이전),데이터 없음(상장 전),KRX 오픈API 종목 기본정보 (상장일 2019-11-13 ; 2013-12-30 코스피·코스닥 일별매매정보에 없음),5
한화시스템,272210,2013Q4,2013-12-31,분기말 상장주식수,데이터 없음(API 최초 거래일 2019-11-13 이전),데이터 없음(상장 전),KRX 오픈API 종목 기본정보 (상장일 2019-11-13 ; 2013-12-30 코스피·코스닥 일별매매정보에 없음),5
한화시스템,272210,2013Q4,2013-12-31,분기말 시가총액,데이터 없음(API 최초 거래일 2019-11-13 이전),데이터 없음(상장 전),KRX 오픈API 종목 기본정보 (상장일 2019-11-13 ; 2013-12-30 코스피·코스닥 일별매매정보에 없음),5
한화시스템,272210,2014Q1,2014-03-31,분기말 자산총계,데이터 없음(최초 보고기간 이전),데이터 없음(최초 보고기간 전),DART 정기보고서 없음,5
한화시스템,272210,2014Q1,2014-03-31,분기말 부채총계,데이터 없음(최초 보고기간 이전),데이터 없음(최초 보고기간 전),DART 정기보고서 없음,5
한화시스템,272210,2014Q1,2014-03-31,분기말 총자본(자기자본),데이터 없음(최초 보고기간 이전),데이터 없음(최초 보고기간 전),DART 정기보고서 없음,5
한화시스템,272210,2014Q1,2014-03-31,분기별 매출액,데이터 없음(최초 보고기간 이전),데이터 없음(최초 보고기간 전),DART 정기보고서 없음,5
한화시스템,272210,2014Q1,2014-03-31,분기별 영업이익,데이터 없음(최초 보고기간 이전),데이터 없음(최초 보고기간 전),DART 정기보고서 없음,5
한화시스템,272210,2014Q1,2014-03-31,분기별 당기순이익(지배),데이터 없음(최초 보고기간 이전),데이터 없음(최초 보고기간 전),DART 정기보고서 없음,5
한화시스템,272210,2014Q1,2014-03-31,분기별 영업활동현금흐름,데이터 없음(최초 보고기간 이전),데이터 없음(최초 보고기간 전),DART 정기보고서 없음,5
한화시스템,272210,2014Q1,2014-03-31,분기말 지배지분 자본,데이터 없음(최초 보고기간 이전),데이터 없음(최초 보고기간 전),DART 정기보고서 없음,5
한화시스템,272210,2014Q1,2014-03-31,분기말 종가,데이터 없음(API 최초 거래일 2019-11-13 이전),데이터 없음(상장 전),KRX 오픈API 종목 기본정보 (상장일 2019-11-13 ; 2014-03-31 코스피·코스닥 일별매매정보에 없음),5
한화시스템,272210,2014Q1,2014-03-31,분기말 상장주식수,데이터 없음(API 최초 거래일 2019-11-13 이전),데이터 없음(상장 전),KRX 오픈API 종목 기본정보 (상장일 2019-11-13 ; 2014-03-31 코스피·코스닥 일별매매정보에 없음),5
한화시스템,272210,2014Q1,2014-03-31,분기말 시가총액,데이터 없음(API 최초 거래일 2019-11-13 이전),데이터 없음(상장 전),KRX 오픈API 종목 기본정보 (상장일 2019-11-13 ; 2014-03-31 코스피·코스닥 일별매매정보에 없음),5
한화시스템,272210,2014Q2,2014-06-30,분기말 자산총계,데이터 없음(최초 보고기간 이전),데이터 없음(최초 보고기간 전),DART 정기보고서 없음,5
한화시스템,272210,2014Q2,2014-06-30,분기말 부채총계,데이터 없음(최초 보고기간 이전),데이터 없음(최초 보고기간 전),DART 정기보고서 없음,5
한화시스템,272210,2014Q2,2014-06-30,분기말 총자본(자기자본),데이터 없음(최초 보고기간 이전),데이터 없음(최초 보고기간 전),DART 정기보고서 없음,5
한화시스템,272210,2014Q2,2014-06-30,분기별 매출액,데이터 없음(최초 보고기간 이전),데이터 없음(최초 보고기간 전),DART 정기보고서 없음,5
한화시스템,272210,2014Q2,2014-06-30,분기별 영업이익,데이터 없음(최초 보고기간 이전),데이터 없음(최초 보고기간 전),DART 정기보고서 없음,5
한화시스템,272210,2014Q2,2014-06-30,분기별 당기순이익(지배),데이터 없음(최초 보고기간 이전),데이터 없음(최초 보고기간 전),DART 정기보고서 없음,5
한화시스템,272210,2014Q2,2014-06-30,분기별 영업활동현금흐름,데이터 없음(최초 보고기간 이전),데이터 없음(최초 보고기간 전),DART 정기보고서 없음,5
한화시스템,272210,2014Q2,2014-06-30,분기말 지배지분 자본,데이터 없음(최초 보고기간 이전),데이터 없음(최초 보고기간 전),DART 정기보고서 없음,5
한화시스템,272210,2014Q2,2014-06-30,분기말 종가,데이터 없음(API 최초 거래일 2019-11-13 이전),데이터 없음(상장 전),KRX 오픈API 종목 기본정보 (상장일 2019-11-13 ; 2014-06-30 코스피·코스닥 일별매매정보에 없음),5
한화시스템,272210,2014Q2,2014-06-30,분기말 상장주식수,데이터 없음(API 최초 거래일 2019-11-13 이전),데이터 없음(상장 전),KRX 오픈API 종목 기본정보 (상장일 2019-11-13 ; 2014-06-30 코스피·코스닥 일별매매정보에 없음),5
한화시스템,272210,2014Q2,2014-06-30,분기말 시가총액,데이터 없음(API 최초 거래일 2019-11-13 이전),데이터 없음(상장 전),KRX 오픈API 종목 기본정보 (상장일 2019-11-13 ; 2014-06-30 코스피·코스닥 일별매매정보에 없음),5
한화시스템,272210,2014Q3,2014-09-30,분기말 자산총계,데이터 없음(최초 보고기간 이전),데이터 없음(최초 보고기간 전),DART 정기보고서 없음,5
한화시스템,272210,2014Q3,2014-09-30,분기말 부채총계,데이터 없음(최초 보고기간 이전),데이터 없음(최초 보고기간 전),DART 정기보고서 없음,5
한화시스템,272210,2014Q3,2014-09-30,분기말 총자본(자기자본),데이터 없음(최초 보고기간 이전),데이터 없음(최초 보고기간 전),DART 정기보고서 없음,5
한화시스템,272210,2014Q3,2014-09-30,분기별 매출액,데이터 없음(최초 보고기간 이전),데이터 없음(최초 보고기간 전),DART 정기보고서 없음,5
한화시스템,272210,2014Q3,2014-09-30,분기별 영업이익,데이터 없음(최초 보고기간 이전),데이터 없음(최초 보고기간 전),DART 정기보고서 없음,5
한화시스템,272210,2014Q3,2014-09-30,분기별 당기순이익(지배),데이터 없음(최초 보고기간 이전),데이터 없음(최초 보고기간 전),DART 정기보고서 없음,5
한화시스템,272210,2014Q3,2014-09-30,분기별 영업활동현금흐름,데이터 없음(최초 보고기간 이전),데이터 없음(최초 보고기간 전),DART 정기보고서 없음,5
한화시스템,272210,2014Q3,2014-09-30,분기말 지배지분 자본,데이터 없음(최초 보고기간 이전),데이터 없음(최초 보고기간 전),DART 정기보고서 없음,5
한화시스템,272210,2014Q3,2014-09-30,분기말 종가,데이터 없음(API 최초 거래일 2019-11-13 이전),데이터 없음(상장 전),KRX 오픈API 종목 기본정보 (상장일 2019-11-13 ; 2014-09-30 코스피·코스닥 일별매매정보에 없음),5
한화시스템,272210,2014Q3,2014-09-30,분기말 상장주식수,데이터 없음(API 최초 거래일 2019-11-13 이전),데이터 없음(상장 전),KRX 오픈API 종목 기본정보 (상장일 2019-11-13 ; 2014-09-30 코스피·코스닥 일별매매정보에 없음),5
한화시스템,272210,2014Q3,2014-09-30,분기말 시가총액,데이터 없음(API 최초 거래일 2019-11-13 이전),데이터 없음(상장 전),KRX 오픈API 종목 기본정보 (상장일 2019-11-13 ; 2014-09-30 코스피·코스닥 일별매매정보에 없음),5
한화시스템,272210,2014Q4,2014-12-31,분기말 자산총계,데이터 없음(최초 보고기간 이전),데이터 없음(최초 보고기간 전),DART 정기보고서 없음,5
한화시스템,272210,2014Q4,2014-12-31,분기말 부채총계,데이터 없음(최초 보고기간 이전),데이터 없음(최초 보고기간 전),DART 정기보고서 없음,5
한화시스템,272210,2014Q4,2014-12-31,분기말 총자본(자기자본),데이터 없음(최초 보고기간 이전),데이터 없음(최초 보고기간 전),DART 정기보고서 없음,5
한화시스템,272210,2014Q4,2014-12-31,분기별 매출액,데이터 없음(최초 보고기간 이전),데이터 없음(최초 보고기간 전),DART 정기보고서 없음,5
한화시스템,272210,2014Q4,2014-12-31,분기별 영업이익,데이터 없음(최초 보고기간 이전),데이터 없음(최초 보고기간 전),DART 정기보고서 없음,5
한화시스템,272210,2014Q4,2014-12-31,분기별 당기순이익(지배),데이터 없음(최초 보고기간 이전),데이터 없음(최초 보고기간 전),DART 정기보고서 없음,5
한화시스템,272210,2014Q4,2014-12-31,분기별 영업활동현금흐름,데이터 없음(최초 보고기간 이전),데이터 없음(최초 보고기간 전),DART 정기보고서 없음,5
한화시스템,272210,2014Q4,2014-12-31,분기말 지배지분 자본,데이터 없음(최초 보고기간 이전),데이터 없음(최초 보고기간 전),DART 정기보고서 없음,5
한화시스템,272210,2014Q4,2014-12-31,분기말 종가,데이터 없음(API 최초 거래일 2019-11-13 이전),데이터 없음(상장 전),KRX 오픈API 종목 기본정보 (상장일 2019-11-13 ; 2014-12-30 코스피·코스닥 일별매매정보에 없음),5
한화시스템,272210,2014Q4,2014-12-31,분기말 상장주식수,데이터 없음(API 최초 거래일 2019-11-13 이전),데이터 없음(상장 전),KRX 오픈API 종목 기본정보 (상장일 2019-11-13 ; 2014-12-30 코스피·코스닥 일별매매정보에 없음),5
한화시스템,272210,2014Q4,2014-12-31,분기말 시가총액,데이터 없음(API 최초 거래일 2019-11-13 이전),데이터 없음(상장 전),KRX 오픈API 종목 기본정보 (상장일 2019-11-13 ; 2014-12-30 코스피·코스닥 일별매매정보에 없음),5
한화시스템,272210,2015Q1,2015-03-31,분기말 자산총계,데이터 없음(최초 보고기간 이전),데이터 없음(최초 보고기간 전),DART 정기보고서 없음,5
한화시스템,272210,2015Q1,2015-03-31,분기말 부채총계,데이터 없음(최초 보고기간 이전),데이터 없음(최초 보고기간 전),DART 정기보고서 없음,5
한화시스템,272210,2015Q1,2015-03-31,분기말 총자본(자기자본),데이터 없음(최초 보고기간 이전),데이터 없음(최초 보고기간 전),DART 정기보고서 없음,5
한화시스템,272210,2015Q1,2015-03-31,분기별 매출액,데이터 없음(최초 보고기간 이전),데이터 없음(최초 보고기간 전),DART 정기보고서 없음,5
한화시스템,272210,2015Q1,2015-03-31,분기별 영업이익,데이터 없음(최초 보고기간 이전),데이터 없음(최초 보고기간 전),DART 정기보고서 없음,5
한화시스템,272210,2015Q1,2015-03-31,분기별 당기순이익(지배),데이터 없음(최초 보고기간 이전),데이터 없음(최초 보고기간 전),DART 정기보고서 없음,5
한화시스템,272210,2015Q1,2015-03-31,분기별 영업활동현금흐름,데이터 없음(최초 보고기간 이전),데이터 없음(최초 보고기간 전),DART 정기보고서 없음,5
한화시스템,272210,2015Q1,2015-03-31,분기말 지배지분 자본,데이터 없음(최초 보고기간 이전),데이터 없음(최초 보고기간 전),DART 정기보고서 없음,5
한화시스템,272210,2015Q1,2015-03-31,분기말 종가,데이터 없음(API 최초 거래일 2019-11-13 이전),데이터 없음(상장 전),KRX 오픈API 종목 기본정보 (상장일 2019-11-13 ; 2015-03-31 코스피·코스닥 일별매매정보에 없음),5
한화시스템,272210,2015Q1,2015-03-31,분기말 상장주식수,데이터 없음(API 최초 거래일 2019-11-13 이전),데이터 없음(상장 전),KRX 오픈API 종목 기본정보 (상장일 2019-11-13 ; 2015-03-31 코스피·코스닥 일별매매정보에 없음),5
한화시스템,272210,2015Q1,2015-03-31,분기말 시가총액,데이터 없음(API 최초 거래일 2019-11-13 이전),데이터 없음(상장 전),KRX 오픈API 종목 기본정보 (상장일 2019-11-13 ; 2015-03-31 코스피·코스닥 일별매매정보에 없음),5
한화시스템,272210,2015Q2,2015-06-30,분기말 자산총계,데이터 없음(최초 보고기간 이전),데이터 없음(최초 보고기간 전),DART 정기보고서 없음,5
한화시스템,272210,2015Q2,2015-06-30,분기말 부채총계,데이터 없음(최초 보고기간 이전),데이터 없음(최초 보고기간 전),DART 정기보고서 없음,5
한화시스템,272210,2015Q2,2015-06-30,분기말 총자본(자기자본),데이터 없음(최초 보고기간 이전),데이터 없음(최초 보고기간 전),DART 정기보고서 없음,5
한화시스템,272210,2015Q2,2015-06-30,분기별 매출액,데이터 없음(최초 보고기간 이전),데이터 없음(최초 보고기간 전),DART 정기보고서 없음,5
한화시스템,272210,2015Q2,2015-06-30,분기별 영업이익,데이터 없음(최초 보고기간 이전),데이터 없음(최초 보고기간 전),DART 정기보고서 없음,5
한화시스템,272210,2015Q2,2015-06-30,분기별 당기순이익(지배),데이터 없음(최초 보고기간 이전),데이터 없음(최초 보고기간 전),DART 정기보고서 없음,5
한화시스템,272210,2015Q2,2015-06-30,분기별 영업활동현금흐름,데이터 없음(최초 보고기간 이전),데이터 없음(최초 보고기간 전),DART 정기보고서 없음,5
한화시스템,272210,2015Q2,2015-06-30,분기말 지배지분 자본,데이터 없음(최초 보고기간 이전),데이터 없음(최초 보고기간 전),DART 정기보고서 없음,5
한화시스템,272210,2015Q2,2015-06-30,분기말 종가,데이터 없음(API 최초 거래일 2019-11-13 이전),데이터 없음(상장 전),KRX 오픈API 종목 기본정보 (상장일 2019-11-13 ; 2015-06-30 코스피·코스닥 일별매매정보에 없음),5
한화시스템,272210,2015Q2,2015-06-30,분기말 상장주식수,데이터 없음(API 최초 거래일 2019-11-13 이전),데이터 없음(상장 전),KRX 오픈API 종목 기본정보 (상장일 2019-11-13 ; 2015-06-30 코스피·코스닥 일별매매정보에 없음),5
한화시스템,272210,2015Q2,2015-06-30,분기말 시가총액,데이터 없음(API 최초 거래일 2019-11-13 이전),데이터 없음(상장 전),KRX 오픈API 종목 기본정보 (상장일 2019-11-13 ; 2015-06-30 코스피·코스닥 일별매매정보에 없음),5
한화시스템,272210,2015Q3,2015-09-30,분기말 자산총계,데이터 없음(최초 보고기간 이전),데이터 없음(최초 보고기간 전),DART 정기보고서 없음,5
한화시스템,272210,2015Q3,2015-09-30,분기말 부채총계,데이터 없음(최초 보고기간 이전),데이터 없음(최초 보고기간 전),DART 정기보고서 없음,5
한화시스템,272210,2015Q3,2015-09-30,분기말 총자본(자기자본),데이터 없음(최초 보고기간 이전),데이터 없음(최초 보고기간 전),DART 정기보고서 없음,5
한화시스템,272210,2015Q3,2015-09-30,분기별 매출액,데이터 없음(최초 보고기간 이전),데이터 없음(최초 보고기간 전),DART 정기보고서 없음,5
한화시스템,272210,2015Q3,2015-09-30,분기별 영업이익,데이터 없음(최초 보고기간 이전),데이터 없음(최초 보고기간 전),DART 정기보고서 없음,5
한화시스템,272210,2015Q3,2015-09-30,분기별 당기순이익(지배),데이터 없음(최초 보고기간 이전),데이터 없음(최초 보고기간 전),DART 정기보고서 없음,5
한화시스템,272210,2015Q3,2015-09-30,분기별 영업활동현금흐름,데이터 없음(최초 보고기간 이전),데이터 없음(최초 보고기간 전),DART 정기보고서 없음,5
한화시스템,272210,2015Q3,2015-09-30,분기말 지배지분 자본,데이터 없음(최초 보고기간 이전),데이터 없음(최초 보고기간 전),DART 정기보고서 없음,5
한화시스템,272210,2015Q3,2015-09-30,분기말 종가,데이터 없음(API 최초 거래일 2019-11-13 이전),데이터 없음(상장 전),KRX 오픈API 종목 기본정보 (상장일 2019-11-13 ; 2015-09-30 코스피·코스닥 일별매매정보에 없음),5
한화시스템,272210,2015Q3,2015-09-30,분기말 상장주식수,데이터 없음(API 최초 거래일 2019-11-13 이전),데이터 없음(상장 전),KRX 오픈API 종목 기본정보 (상장일 2019-11-13 ; 2015-09-30 코스피·코스닥 일별매매정보에 없음),5
한화시스템,272210,2015Q3,2015-09-30,분기말 시가총액,데이터 없음(API 최초 거래일 2019-11-13 이전),데이터 없음(상장 전),KRX 오픈API 종목 기본정보 (상장일 2019-11-13 ; 2015-09-30 코스피·코스닥 일별매매정보에 없음),5
한화시스템,272210,2015Q4,2015-12-31,분기말 자산총계,데이터 없음(최초 보고기간 이전),데이터 없음(최초 보고기간 전),DART 정기보고서 없음,5
한화시스템,272210,2015Q4,2015-12-31,분기말 부채총계,데이터 없음(최초 보고기간 이전),데이터 없음(최초 보고기간 전),DART 정기보고서 없음,5
한화시스템,272210,2015Q4,2015-12-31,분기말 총자본(자기자본),데이터 없음(최초 보고기간 이전),데이터 없음(최초 보고기간 전),DART 정기보고서 없음,5
한화시스템,272210,2015Q4,2015-12-31,분기별 매출액,데이터 없음(최초 보고기간 이전),데이터 없음(최초 보고기간 전),DART 정기보고서 없음,5
한화시스템,272210,2015Q4,2015-12-31,분기별 영업이익,데이터 없음(최초 보고기간 이전),데이터 없음(최초 보고기간 전),DART 정기보고서 없음,5
한화시스템,272210,2015Q4,2015-12-31,분기별 당기순이익(지배),데이터 없음(최초 보고기간 이전),데이터 없음(최초 보고기간 전),DART 정기보고서 없음,5
한화시스템,272210,2015Q4,2015-12-31,분기별 영업활동현금흐름,데이터 없음(최초 보고기간 이전),데이터 없음(최초 보고기간 전),DART 정기보고서 없음,5
한화시스템,272210,2015Q4,2015-12-31,분기말 지배지분 자본,데이터 없음(최초 보고기간 이전),데이터 없음(최초 보고기간 전),DART 정기보고서 없음,5
한화시스템,272210,2015Q4,2015-12-31,분기말 종가,데이터 없음(API 최초 거래일 2019-11-13 이전),데이터 없음(상장 전),KRX 오픈API 종목 기본정보 (상장일 2019-11-13 ; 2015-12-30 코스피·코스닥 일별매매정보에 없음),5
한화시스템,272210,2015Q4,2015-12-31,분기말 상장주식수,데이터 없음(API 최초 거래일 2019-11-13 이전),데이터 없음(상장 전),KRX 오픈API 종목 기본정보 (상장일 2019-11-13 ; 2015-12-30 코스피·코스닥 일별매매정보에 없음),5
한화시스템,272210,2015Q4,2015-12-31,분기말 시가총액,데이터 없음(API 최초 거래일 2019-11-13 이전),데이터 없음(상장 전),KRX 오픈API 종목 기본정보 (상장일 2019-11-13 ; 2015-12-30 코스피·코스닥 일별매매정보에 없음),5
한화시스템,272210,2016Q1,2016-03-31,분기말 자산총계,데이터 없음(최초 보고기간 이전),데이터 없음(최초 보고기간 전),DART 정기보고서 없음,5
한화시스템,272210,2016Q1,2016-03-31,분기말 부채총계,데이터 없음(최초 보고기간 이전),데이터 없음(최초 보고기간 전),DART 정기보고서 없음,5
한화시스템,272210,2016Q1,2016-03-31,분기말 총자본(자기자본),데이터 없음(최초 보고기간 이전),데이터 없음(최초 보고기간 전),DART 정기보고서 없음,5
한화시스템,272210,2016Q1,2016-03-31,분기별 매출액,데이터 없음(최초 보고기간 이전),데이터 없음(최초 보고기간 전),DART 정기보고서 없음,5
한화시스템,272210,2016Q1,2016-03-31,분기별 영업이익,데이터 없음(최초 보고기간 이전),데이터 없음(최초 보고기간 전),DART 정기보고서 없음,5
한화시스템,272210,2016Q1,2016-03-31,분기별 당기순이익(지배),데이터 없음(최초 보고기간 이전),데이터 없음(최초 보고기간 전),DART 정기보고서 없음,5
한화시스템,272210,2016Q1,2016-03-31,분기별 영업활동현금흐름,데이터 없음(최초 보고기간 이전),데이터 없음(최초 보고기간 전),DART 정기보고서 없음,5
한화시스템,272210,2016Q1,2016-03-31,분기말 지배지분 자본,데이터 없음(최초 보고기간 이전),데이터 없음(최초 보고기간 전),DART 정기보고서 없음,5
한화시스템,272210,2016Q1,2016-03-31,분기말 종가,데이터 없음(API 최초 거래일 2019-11-13 이전),데이터 없음(상장 전),KRX 오픈API 종목 기본정보 (상장일 2019-11-13 ; 2016-03-31 코스피·코스닥 일별매매정보에 없음),5
한화시스템,272210,2016Q1,2016-03-31,분기말 상장주식수,데이터 없음(API 최초 거래일 2019-11-13 이전),데이터 없음(상장 전),KRX 오픈API 종목 기본정보 (상장일 2019-11-13 ; 2016-03-31 코스피·코스닥 일별매매정보에 없음),5
한화시스템,272210,2016Q1,2016-03-31,분기말 시가총액,데이터 없음(API 최초 거래일 2019-11-13 이전),데이터 없음(상장 전),KRX 오픈API 종목 기본정보 (상장일 2019-11-13 ; 2016-03-31 코스피·코스닥 일별매매정보에 없음),5
한화시스템,272210,2016Q2,2016-06-30,분기말 자산총계,데이터 없음(최초 보고기간 이전),데이터 없음(최초 보고기간 전),DART 정기보고서 없음,5
한화시스템,272210,2016Q2,2016-06-30,분기말 부채총계,데이터 없음(최초 보고기간 이전),데이터 없음(최초 보고기간 전),DART 정기보고서 없음,5
한화시스템,272210,2016Q2,2016-06-30,분기말 총자본(자기자본),데이터 없음(최초 보고기간 이전),데이터 없음(최초 보고기간 전),DART 정기보고서 없음,5
한화시스템,272210,2016Q2,2016-06-30,분기별 매출액,데이터 없음(최초 보고기간 이전),데이터 없음(최초 보고기간 전),DART 정기보고서 없음,5
한화시스템,272210,2016Q2,2016-06-30,분기별 영업이익,데이터 없음(최초 보고기간 이전),데이터 없음(최초 보고기간 전),DART 정기보고서 없음,5
한화시스템,272210,2016Q2,2016-06-30,분기별 당기순이익(지배),데이터 없음(최초 보고기간 이전),데이터 없음(최초 보고기간 전),DART 정기보고서 없음,5
한화시스템,272210,2016Q2,2016-06-30,분기별 영업활동현금흐름,데이터 없음(최초 보고기간 이전),데이터 없음(최초 보고기간 전),DART 정기보고서 없음,5
한화시스템,272210,2016Q2,2016-06-30,분기말 지배지분 자본,데이터 없음(최초 보고기간 이전),데이터 없음(최초 보고기간 전),DART 정기보고서 없음,5
한화시스템,272210,2016Q2,2016-06-30,분기말 종가,데이터 없음(API 최초 거래일 2019-11-13 이전),데이터 없음(상장 전),KRX 오픈API 종목 기본정보 (상장일 2019-11-13 ; 2016-06-30 코스피·코스닥 일별매매정보에 없음),5
한화시스템,272210,2016Q2,2016-06-30,분기말 상장주식수,데이터 없음(API 최초 거래일 2019-11-13 이전),데이터 없음(상장 전),KRX 오픈API 종목 기본정보 (상장일 2019-11-13 ; 2016-06-30 코스피·코스닥 일별매매정보에 없음),5
한화시스템,272210,2016Q2,2016-06-30,분기말 시가총액,데이터 없음(API 최초 거래일 2019-11-13 이전),데이터 없음(상장 전),KRX 오픈API 종목 기본정보 (상장일 2019-11-13 ; 2016-06-30 코스피·코스닥 일별매매정보에 없음),5
한화시스템,272210,2016Q3,2016-09-30,분기말 자산총계,데이터 없음(최초 보고기간 이전),데이터 없음(최초 보고기간 전),DART 정기보고서 없음,5
한화시스템,272210,2016Q3,2016-09-30,분기말 부채총계,데이터 없음(최초 보고기간 이전),데이터 없음(최초 보고기간 전),DART 정기보고서 없음,5
한화시스템,272210,2016Q3,2016-09-30,분기말 총자본(자기자본),데이터 없음(최초 보고기간 이전),데이터 없음(최초 보고기간 전),DART 정기보고서 없음,5
한화시스템,272210,2016Q3,2016-09-30,분기별 매출액,데이터 없음(최초 보고기간 이전),데이터 없음(최초 보고기간 전),DART 정기보고서 없음,5
한화시스템,272210,2016Q3,2016-09-30,분기별 영업이익,데이터 없음(최초 보고기간 이전),데이터 없음(최초 보고기간 전),DART 정기보고서 없음,5
한화시스템,272210,2016Q3,2016-09-30,분기별 당기순이익(지배),데이터 없음(최초 보고기간 이전),데이터 없음(최초 보고기간 전),DART 정기보고서 없음,5
한화시스템,272210,2016Q3,2016-09-30,분기별 영업활동현금흐름,데이터 없음(최초 보고기간 이전),데이터 없음(최초 보고기간 전),DART 정기보고서 없음,5
한화시스템,272210,2016Q3,2016-09-30,분기말 지배지분 자본,데이터 없음(최초 보고기간 이전),데이터 없음(최초 보고기간 전),DART 정기보고서 없음,5
한화시스템,272210,2016Q3,2016-09-30,분기말 종가,데이터 없음(API 최초 거래일 2019-11-13 이전),데이터 없음(상장 전),KRX 오픈API 종목 기본정보 (상장일 2019-11-13 ; 2016-09-30 코스피·코스닥 일별매매정보에 없음),5
한화시스템,272210,2016Q3,2016-09-30,분기말 상장주식수,데이터 없음(API 최초 거래일 2019-11-13 이전),데이터 없음(상장 전),KRX 오픈API 종목 기본정보 (상장일 2019-11-13 ; 2016-09-30 코스피·코스닥 일별매매정보에 없음),5
한화시스템,272210,2016Q3,2016-09-30,분기말 시가총액,데이터 없음(API 최초 거래일 2019-11-13 이전),데이터 없음(상장 전),KRX 오픈API 종목 기본정보 (상장일 2019-11-13 ; 2016-09-30 코스피·코스닥 일별매매정보에 없음),5
한화시스템,272210,2016Q4,2016-12-31,분기말 자산총계,데이터 없음(최초 보고기간 이전),데이터 없음(최초 보고기간 전),DART 정기보고서 없음,5
한화시스템,272210,2016Q4,2016-12-31,분기말 부채총계,데이터 없음(최초 보고기간 이전),데이터 없음(최초 보고기간 전),DART 정기보고서 없음,5
한화시스템,272210,2016Q4,2016-12-31,분기말 총자본(자기자본),데이터 없음(최초 보고기간 이전),데이터 없음(최초 보고기간 전),DART 정기보고서 없음,5
한화시스템,272210,2016Q4,2016-12-31,분기별 매출액,데이터 없음(최초 보고기간 이전),데이터 없음(최초 보고기간 전),DART 정기보고서 없음,5
한화시스템,272210,2016Q4,2016-12-31,분기별 영업이익,데이터 없음(최초 보고기간 이전),데이터 없음(최초 보고기간 전),DART 정기보고서 없음,5
한화시스템,272210,2016Q4,2016-12-31,분기별 당기순이익(지배),데이터 없음(최초 보고기간 이전),데이터 없음(최초 보고기간 전),DART 정기보고서 없음,5
한화시스템,272210,2016Q4,2016-12-31,분기별 영업활동현금흐름,데이터 없음(최초 보고기간 이전),데이터 없음(최초 보고기간 전),DART 정기보고서 없음,5
한화시스템,272210,2016Q4,2016-12-31,분기말 지배지분 자본,데이터 없음(최초 보고기간 이전),데이터 없음(최초 보고기간 전),DART 정기보고서 없음,5
한화시스템,272210,2016Q4,2016-12-31,분기말 종가,데이터 없음(API 최초 거래일 2019-11-13 이전),데이터 없음(상장 전),KRX 오픈API 종목 기본정보 (상장일 2019-11-13 ; 2016-12-29 코스피·코스닥 일별매매정보에 없음),5
한화시스템,272210,2016Q4,2016-12-31,분기말 상장주식수,데이터 없음(API 최초 거래일 2019-11-13 이전),데이터 없음(상장 전),KRX 오픈API 종목 기본정보 (상장일 2019-11-13 ; 2016-12-29 코스피·코스닥 일별매매정보에 없음),5
한화시스템,272210,2016Q4,2016-12-31,분기말 시가총액,데이터 없음(API 최초 거래일 2019-11-13 이전),데이터 없음(상장 전),KRX 오픈API 종목 기본정보 (상장일 2019-11-13 ; 2016-12-29 코스피·코스닥 일별매매정보에 없음),5
한화시스템,272210,2017Q1,2017-03-31,분기말 자산총계,데이터 없음(최초 보고기간 이전),데이터 없음(최초 보고기간 전),DART 정기보고서 없음,5
한화시스템,272210,2017Q1,2017-03-31,분기말 부채총계,데이터 없음(최초 보고기간 이전),데이터 없음(최초 보고기간 전),DART 정기보고서 없음,5
한화시스템,272210,2017Q1,2017-03-31,분기말 총자본(자기자본),데이터 없음(최초 보고기간 이전),데이터 없음(최초 보고기간 전),DART 정기보고서 없음,5
한화시스템,272210,2017Q1,2017-03-31,분기별 매출액,데이터 없음(최초 보고기간 이전),데이터 없음(최초 보고기간 전),DART 정기보고서 없음,5
한화시스템,272210,2017Q1,2017-03-31,분기별 영업이익,데이터 없음(최초 보고기간 이전),데이터 없음(최초 보고기간 전),DART 정기보고서 없음,5
한화시스템,272210,2017Q1,2017-03-31,분기별 당기순이익(지배),데이터 없음(최초 보고기간 이전),데이터 없음(최초 보고기간 전),DART 정기보고서 없음,5
한화시스템,272210,2017Q1,2017-03-31,분기별 영업활동현금흐름,데이터 없음(최초 보고기간 이전),데이터 없음(최초 보고기간 전),DART 정기보고서 없음,5
한화시스템,272210,2017Q1,2017-03-31,분기말 지배지분 자본,데이터 없음(최초 보고기간 이전),데이터 없음(최초 보고기간 전),DART 정기보고서 없음,5
한화시스템,272210,2017Q1,2017-03-31,분기말 종가,데이터 없음(API 최초 거래일 2019-11-13 이전),데이터 없음(상장 전),KRX 오픈API 종목 기본정보 (상장일 2019-11-13 ; 2017-03-31 코스피·코스닥 일별매매정보에 없음),5
한화시스템,272210,2017Q1,2017-03-31,분기말 상장주식수,데이터 없음(API 최초 거래일 2019-11-13 이전),데이터 없음(상장 전),KRX 오픈API 종목 기본정보 (상장일 2019-11-13 ; 2017-03-31 코스피·코스닥 일별매매정보에 없음),5
한화시스템,272210,2017Q1,2017-03-31,분기말 시가총액,데이터 없음(API 최초 거래일 2019-11-13 이전),데이터 없음(상장 전),KRX 오픈API 종목 기본정보 (상장일 2019-11-13 ; 2017-03-31 코스피·코스닥 일별매매정보에 없음),5
한화시스템,272210,2017Q2,2017-06-30,분기말 자산총계,데이터 없음(최초 보고기간 이전),데이터 없음(최초 보고기간 전),DART 정기보고서 없음,5
한화시스템,272210,2017Q2,2017-06-30,분기말 부채총계,데이터 없음(최초 보고기간 이전),데이터 없음(최초 보고기간 전),DART 정기보고서 없음,5
한화시스템,272210,2017Q2,2017-06-30,분기말 총자본(자기자본),데이터 없음(최초 보고기간 이전),데이터 없음(최초 보고기간 전),DART 정기보고서 없음,5
한화시스템,272210,2017Q2,2017-06-30,분기별 매출액,데이터 없음(최초 보고기간 이전),데이터 없음(최초 보고기간 전),DART 정기보고서 없음,5
한화시스템,272210,2017Q2,2017-06-30,분기별 영업이익,데이터 없음(최초 보고기간 이전),데이터 없음(최초 보고기간 전),DART 정기보고서 없음,5
한화시스템,272210,2017Q2,2017-06-30,분기별 당기순이익(지배),데이터 없음(최초 보고기간 이전),데이터 없음(최초 보고기간 전),DART 정기보고서 없음,5
한화시스템,272210,2017Q2,2017-06-30,분기별 영업활동현금흐름,데이터 없음(최초 보고기간 이전),데이터 없음(최초 보고기간 전),DART 정기보고서 없음,5
한화시스템,272210,2017Q2,2017-06-30,분기말 지배지분 자본,데이터 없음(최초 보고기간 이전),데이터 없음(최초 보고기간 전),DART 정기보고서 없음,5
한화시스템,272210,2017Q2,2017-06-30,분기말 종가,데이터 없음(API 최초 거래일 2019-11-13 이전),데이터 없음(상장 전),KRX 오픈API 종목 기본정보 (상장일 2019-11-13 ; 2017-06-30 코스피·코스닥 일별매매정보에 없음),5
한화시스템,272210,2017Q2,2017-06-30,분기말 상장주식수,데이터 없음(API 최초 거래일 2019-11-13 이전),데이터 없음(상장 전),KRX 오픈API 종목 기본정보 (상장일 2019-11-13 ; 2017-06-30 코스피·코스닥 일별매매정보에 없음),5
한화시스템,272210,2017Q2,2017-06-30,분기말 시가총액,데이터 없음(API 최초 거래일 2019-11-13 이전),데이터 없음(상장 전),KRX 오픈API 종목 기본정보 (상장일 2019-11-13 ; 2017-06-30 코스피·코스닥 일별매매정보에 없음),5
한화시스템,272210,2017Q3,2017-09-30,분기말 자산총계,데이터 없음(최초 보고기간 이전),데이터 없음(최초 보고기간 전),DART 정기보고서 없음,5
한화시스템,272210,2017Q3,2017-09-30,분기말 부채총계,데이터 없음(최초 보고기간 이전),데이터 없음(최초 보고기간 전),DART 정기보고서 없음,5
한화시스템,272210,2017Q3,2017-09-30,분기말 총자본(자기자본),데이터 없음(최초 보고기간 이전),데이터 없음(최초 보고기간 전),DART 정기보고서 없음,5
한화시스템,272210,2017Q3,2017-09-30,분기별 매출액,데이터 없음(최초 보고기간 이전),데이터 없음(최초 보고기간 전),DART 정기보고서 없음,5
한화시스템,272210,2017Q3,2017-09-30,분기별 영업이익,데이터 없음(최초 보고기간 이전),데이터 없음(최초 보고기간 전),DART 정기보고서 없음,5
한화시스템,272210,2017Q3,2017-09-30,분기별 당기순이익(지배),데이터 없음(최초 보고기간 이전),데이터 없음(최초 보고기간 전),DART 정기보고서 없음,5
한화시스템,272210,2017Q3,2017-09-30,분기별 영업활동현금흐름,데이터 없음(최초 보고기간 이전),데이터 없음(최초 보고기간 전),DART 정기보고서 없음,5
한화시스템,272210,2017Q3,2017-09-30,분기말 지배지분 자본,데이터 없음(최초 보고기간 이전),데이터 없음(최초 보고기간 전),DART 정기보고서 없음,5
한화시스템,272210,2017Q3,2017-09-30,분기말 종가,데이터 없음(API 최초 거래일 2019-11-13 이전),데이터 없음(상장 전),KRX 오픈API 종목 기본정보 (상장일 2019-11-13 ; 2017-09-29 코스피·코스닥 일별매매정보에 없음),5
한화시스템,272210,2017Q3,2017-09-30,분기말 상장주식수,데이터 없음(API 최초 거래일 2019-11-13 이전),데이터 없음(상장 전),KRX 오픈API 종목 기본정보 (상장일 2019-11-13 ; 2017-09-29 코스피·코스닥 일별매매정보에 없음),5
한화시스템,272210,2017Q3,2017-09-30,분기말 시가총액,데이터 없음(API 최초 거래일 2019-11-13 이전),데이터 없음(상장 전),KRX 오픈API 종목 기본정보 (상장일 2019-11-13 ; 2017-09-29 코스피·코스닥 일별매매정보에 없음),5
한화시스템,272210,2017Q4,2017-12-31,분기말 자산총계,데이터 없음(최초 보고기간 이전),데이터 없음(최초 보고기간 전),DART 정기보고서 없음,5
한화시스템,272210,2017Q4,2017-12-31,분기말 부채총계,데이터 없음(최초 보고기간 이전),데이터 없음(최초 보고기간 전),DART 정기보고서 없음,5
한화시스템,272210,2017Q4,2017-12-31,분기말 총자본(자기자본),데이터 없음(최초 보고기간 이전),데이터 없음(최초 보고기간 전),DART 정기보고서 없음,5
한화시스템,272210,2017Q4,2017-12-31,분기별 매출액,데이터 없음(최초 보고기간 이전),데이터 없음(최초 보고기간 전),DART 정기보고서 없음,5
한화시스템,272210,2017Q4,2017-12-31,분기별 영업이익,데이터 없음(최초 보고기간 이전),데이터 없음(최초 보고기간 전),DART 정기보고서 없음,5
한화시스템,272210,2017Q4,2017-12-31,분기별 당기순이익(지배),데이터 없음(최초 보고기간 이전),데이터 없음(최초 보고기간 전),DART 정기보고서 없음,5
한화시스템,272210,2017Q4,2017-12-31,분기별 영업활동현금흐름,데이터 없음(최초 보고기간 이전),데이터 없음(최초 보고기간 전),DART 정기보고서 없음,5
한화시스템,272210,2017Q4,2017-12-31,분기말 지배지분 자본,데이터 없음(최초 보고기간 이전),데이터 없음(최초 보고기간 전),DART 정기보고서 없음,5
한화시스템,272210,2017Q4,2017-12-31,분기말 종가,데이터 없음(API 최초 거래일 2019-11-13 이전),데이터 없음(상장 전),KRX 오픈API 종목 기본정보 (상장일 2019-11-13 ; 2017-12-28 코스피·코스닥 일별매매정보에 없음),5
한화시스템,272210,2017Q4,2017-12-31,분기말 상장주식수,데이터 없음(API 최초 거래일 2019-11-13 이전),데이터 없음(상장 전),KRX 오픈API 종목 기본정보 (상장일 2019-11-13 ; 2017-12-28 코스피·코스닥 일별매매정보에 없음),5
한화시스템,272210,2017Q4,2017-12-31,분기말 시가총액,데이터 없음(API 최초 거래일 2019-11-13 이전),데이터 없음(상장 전),KRX 오픈API 종목 기본정보 (상장일 2019-11-13 ; 2017-12-28 코스피·코스닥 일별매매정보에 없음),5
한화시스템,272210,2018Q1,2018-03-31,분기말 자산총계,데이터 없음(최초 보고기간 이전),데이터 없음(최초 보고기간 전),DART 정기보고서 없음,5
한화시스템,272210,2018Q1,2018-03-31,분기말 부채총계,데이터 없음(최초 보고기간 이전),데이터 없음(최초 보고기간 전),DART 정기보고서 없음,5
한화시스템,272210,2018Q1,2018-03-31,분기말 총자본(자기자본),데이터 없음(최초 보고기간 이전),데이터 없음(최초 보고기간 전),DART 정기보고서 없음,5
한화시스템,272210,2018Q1,2018-03-31,분기별 매출액,데이터 없음(최초 보고기간 이전),데이터 없음(최초 보고기간 전),DART 정기보고서 없음,5
한화시스템,272210,2018Q1,2018-03-31,분기별 영업이익,데이터 없음(최초 보고기간 이전),데이터 없음(최초 보고기간 전),DART 정기보고서 없음,5
한화시스템,272210,2018Q1,2018-03-31,분기별 당기순이익(지배),데이터 없음(최초 보고기간 이전),데이터 없음(최초 보고기간 전),DART 정기보고서 없음,5
한화시스템,272210,2018Q1,2018-03-31,분기별 영업활동현금흐름,데이터 없음(최초 보고기간 이전),데이터 없음(최초 보고기간 전),DART 정기보고서 없음,5
한화시스템,272210,2018Q1,2018-03-31,분기말 지배지분 자본,데이터 없음(최초 보고기간 이전),데이터 없음(최초 보고기간 전),DART 정기보고서 없음,5
한화시스템,272210,2018Q1,2018-03-31,분기말 종가,데이터 없음(API 최초 거래일 2019-11-13 이전),데이터 없음(상장 전),KRX 오픈API 종목 기본정보 (상장일 2019-11-13 ; 2018-03-30 코스피·코스닥 일별매매정보에 없음),5
한화시스템,272210,2018Q1,2018-03-31,분기말 상장주식수,데이터 없음(API 최초 거래일 2019-11-13 이전),데이터 없음(상장 전),KRX 오픈API 종목 기본정보 (상장일 2019-11-13 ; 2018-03-30 코스피·코스닥 일별매매정보에 없음),5
한화시스템,272210,2018Q1,2018-03-31,분기말 시가총액,데이터 없음(API 최초 거래일 2019-11-13 이전),데이터 없음(상장 전),KRX 오픈API 종목 기본정보 (상장일 2019-11-13 ; 2018-03-30 코스피·코스닥 일별매매정보에 없음),5
한화시스템,272210,2018Q2,2018-06-30,분기말 자산총계,데이터 없음(최초 보고기간 이전),데이터 없음(최초 보고기간 전),DART 정기보고서 없음,5
한화시스템,272210,2018Q2,2018-06-30,분기말 부채총계,데이터 없음(최초 보고기간 이전),데이터 없음(최초 보고기간 전),DART 정기보고서 없음,5
한화시스템,272210,2018Q2,2018-06-30,분기말 총자본(자기자본),데이터 없음(최초 보고기간 이전),데이터 없음(최초 보고기간 전),DART 정기보고서 없음,5
한화시스템,272210,2018Q2,2018-06-30,분기별 매출액,데이터 없음(최초 보고기간 이전),데이터 없음(최초 보고기간 전),DART 정기보고서 없음,5
한화시스템,272210,2018Q2,2018-06-30,분기별 영업이익,데이터 없음(최초 보고기간 이전),데이터 없음(최초 보고기간 전),DART 정기보고서 없음,5
한화시스템,272210,2018Q2,2018-06-30,분기별 당기순이익(지배),데이터 없음(최초 보고기간 이전),데이터 없음(최초 보고기간 전),DART 정기보고서 없음,5
한화시스템,272210,2018Q2,2018-06-30,분기별 영업활동현금흐름,데이터 없음(최초 보고기간 이전),데이터 없음(최초 보고기간 전),DART 정기보고서 없음,5
한화시스템,272210,2018Q2,2018-06-30,분기말 지배지분 자본,데이터 없음(최초 보고기간 이전),데이터 없음(최초 보고기간 전),DART 정기보고서 없음,5
한화시스템,272210,2018Q2,2018-06-30,분기말 종가,데이터 없음(API 최초 거래일 2019-11-13 이전),데이터 없음(상장 전),KRX 오픈API 종목 기본정보 (상장일 2019-11-13 ; 2018-06-29 코스피·코스닥 일별매매정보에 없음),5
한화시스템,272210,2018Q2,2018-06-30,분기말 상장주식수,데이터 없음(API 최초 거래일 2019-11-13 이전),데이터 없음(상장 전),KRX 오픈API 종목 기본정보 (상장일 2019-11-13 ; 2018-06-29 코스피·코스닥 일별매매정보에 없음),5
한화시스템,272210,2018Q2,2018-06-30,분기말 시가총액,데이터 없음(API 최초 거래일 2019-11-13 이전),데이터 없음(상장 전),KRX 오픈API 종목 기본정보 (상장일 2019-11-13 ; 2018-06-29 코스피·코스닥 일별매매정보에 없음),5
한화시스템,272210,2018Q3,2018-09-30,분기말 자산총계,데이터 없음(최초 보고기간 이전),데이터 없음(최초 보고기간 전),DART 정기보고서 없음,5
한화시스템,272210,2018Q3,2018-09-30,분기말 부채총계,데이터 없음(최초 보고기간 이전),데이터 없음(최초 보고기간 전),DART 정기보고서 없음,5
한화시스템,272210,2018Q3,2018-09-30,분기말 총자본(자기자본),데이터 없음(최초 보고기간 이전),데이터 없음(최초 보고기간 전),DART 정기보고서 없음,5
한화시스템,272210,2018Q3,2018-09-30,분기별 매출액,데이터 없음(최초 보고기간 이전),데이터 없음(최초 보고기간 전),DART 정기보고서 없음,5
한화시스템,272210,2018Q3,2018-09-30,분기별 영업이익,데이터 없음(최초 보고기간 이전),데이터 없음(최초 보고기간 전),DART 정기보고서 없음,5
한화시스템,272210,2018Q3,2018-09-30,분기별 당기순이익(지배),데이터 없음(최초 보고기간 이전),데이터 없음(최초 보고기간 전),DART 정기보고서 없음,5
한화시스템,272210,2018Q3,2018-09-30,분기별 영업활동현금흐름,데이터 없음(최초 보고기간 이전),데이터 없음(최초 보고기간 전),DART 정기보고서 없음,5
한화시스템,272210,2018Q3,2018-09-30,분기말 지배지분 자본,데이터 없음(최초 보고기간 이전),데이터 없음(최초 보고기간 전),DART 정기보고서 없음,5
한화시스템,272210,2018Q3,2018-09-30,분기말 종가,데이터 없음(API 최초 거래일 2019-11-13 이전),데이터 없음(상장 전),KRX 오픈API 종목 기본정보 (상장일 2019-11-13 ; 2018-09-28 코스피·코스닥 일별매매정보에 없음),5
한화시스템,272210,2018Q3,2018-09-30,분기말 상장주식수,데이터 없음(API 최초 거래일 2019-11-13 이전),데이터 없음(상장 전),KRX 오픈API 종목 기본정보 (상장일 2019-11-13 ; 2018-09-28 코스피·코스닥 일별매매정보에 없음),5
한화시스템,272210,2018Q3,2018-09-30,분기말 시가총액,데이터 없음(API 최초 거래일 2019-11-13 이전),데이터 없음(상장 전),KRX 오픈API 종목 기본정보 (상장일 2019-11-13 ; 2018-09-28 코스피·코스닥 일별매매정보에 없음),5
한화시스템,272210,2018Q4,2018-12-31,분기말 자산총계,데이터 없음(최초 보고기간 이전),데이터 없음(최초 보고기간 전),DART 정기보고서 없음,5
한화시스템,272210,2018Q4,2018-12-31,분기말 부채총계,데이터 없음(최초 보고기간 이전),데이터 없음(최초 보고기간 전),DART 정기보고서 없음,5
한화시스템,272210,2018Q4,2018-12-31,분기말 총자본(자기자본),데이터 없음(최초 보고기간 이전),데이터 없음(최초 보고기간 전),DART 정기보고서 없음,5
한화시스템,272210,2018Q4,2018-12-31,분기별 매출액,데이터 없음(최초 보고기간 이전),데이터 없음(최초 보고기간 전),DART 정기보고서 없음,5
한화시스템,272210,2018Q4,2018-12-31,분기별 영업이익,데이터 없음(최초 보고기간 이전),데이터 없음(최초 보고기간 전),DART 정기보고서 없음,5
한화시스템,272210,2018Q4,2018-12-31,분기별 당기순이익(지배),데이터 없음(최초 보고기간 이전),데이터 없음(최초 보고기간 전),DART 정기보고서 없음,5
한화시스템,272210,2018Q4,2018-12-31,분기별 영업활동현금흐름,데이터 없음(최초 보고기간 이전),데이터 없음(최초 보고기간 전),DART 정기보고서 없음,5
한화시스템,272210,2018Q4,2018-12-31,분기말 지배지분 자본,데이터 없음(최초 보고기간 이전),데이터 없음(최초 보고기간 전),DART 정기보고서 없음,5
한화시스템,272210,2018Q4,2018-12-31,분기말 종가,데이터 없음(API 최초 거래일 2019-11-13 이전),데이터 없음(상장 전),KRX 오픈API 종목 기본정보 (상장일 2019-11-13 ; 2018-12-28 코스피·코스닥 일별매매정보에 없음),5
한화시스템,272210,2018Q4,2018-12-31,분기말 상장주식수,데이터 없음(API 최초 거래일 2019-11-13 이전),데이터 없음(상장 전),KRX 오픈API 종목 기본정보 (상장일 2019-11-13 ; 2018-12-28 코스피·코스닥 일별매매정보에 없음),5
한화시스템,272210,2018Q4,2018-12-31,분기말 시가총액,데이터 없음(API 최초 거래일 2019-11-13 이전),데이터 없음(상장 전),KRX 오픈API 종목 기본정보 (상장일 2019-11-13 ; 2018-12-28 코스피·코스닥 일별매매정보에 없음),5
한화시스템,272210,2019Q1,2019-03-31,분기말 자산총계,데이터 없음(최초 보고기간 이전),데이터 없음(최초 보고기간 전),DART 정기보고서 없음,5
한화시스템,272210,2019Q1,2019-03-31,분기말 부채총계,데이터 없음(최초 보고기간 이전),데이터 없음(최초 보고기간 전),DART 정기보고서 없음,5
한화시스템,272210,2019Q1,2019-03-31,분기말 총자본(자기자본),데이터 없음(최초 보고기간 이전),데이터 없음(최초 보고기간 전),DART 정기보고서 없음,5
한화시스템,272210,2019Q1,2019-03-31,분기별 매출액,데이터 없음(최초 보고기간 이전),데이터 없음(최초 보고기간 전),DART 정기보고서 없음,5
한화시스템,272210,2019Q1,2019-03-31,분기별 영업이익,데이터 없음(최초 보고기간 이전),데이터 없음(최초 보고기간 전),DART 정기보고서 없음,5
한화시스템,272210,2019Q1,2019-03-31,분기별 당기순이익(지배),데이터 없음(최초 보고기간 이전),데이터 없음(최초 보고기간 전),DART 정기보고서 없음,5
한화시스템,272210,2019Q1,2019-03-31,분기별 영업활동현금흐름,데이터 없음(최초 보고기간 이전),데이터 없음(최초 보고기간 전),DART 정기보고서 없음,5
한화시스템,272210,2019Q1,2019-03-31,분기말 지배지분 자본,데이터 없음(최초 보고기간 이전),데이터 없음(최초 보고기간 전),DART 정기보고서 없음,5
한화시스템,272210,2019Q1,2019-03-31,분기말 종가,데이터 없음(API 최초 거래일 2019-11-13 이전),데이터 없음(상장 전),KRX 오픈API 종목 기본정보 (상장일 2019-11-13 ; 2019-03-29 코스피·코스닥 일별매매정보에 없음),5
한화시스템,272210,2019Q1,2019-03-31,분기말 상장주식수,데이터 없음(API 최초 거래일 2019-11-13 이전),데이터 없음(상장 전),KRX 오픈API 종목 기본정보 (상장일 2019-11-13 ; 2019-03-29 코스피·코스닥 일별매매정보에 없음),5
한화시스템,272210,2019Q1,2019-03-31,분기말 시가총액,데이터 없음(API 최초 거래일 2019-11-13 이전),데이터 없음(상장 전),KRX 오픈API 종목 기본정보 (상장일 2019-11-13 ; 2019-03-29 코스피·코스닥 일별매매정보에 없음),5
한화시스템,272210,2019Q2,2019-06-30,분기말 자산총계,데이터 없음(최초 보고기간 이전),데이터 없음(최초 보고기간 전),DART 정기보고서 없음,5
한화시스템,272210,2019Q2,2019-06-30,분기말 부채총계,데이터 없음(최초 보고기간 이전),데이터 없음(최초 보고기간 전),DART 정기보고서 없음,5
한화시스템,272210,2019Q2,2019-06-30,분기말 총자본(자기자본),데이터 없음(최초 보고기간 이전),데이터 없음(최초 보고기간 전),DART 정기보고서 없음,5
한화시스템,272210,2019Q2,2019-06-30,분기별 매출액,데이터 없음(최초 보고기간 이전),데이터 없음(최초 보고기간 전),DART 정기보고서 없음,5
한화시스템,272210,2019Q2,2019-06-30,분기별 영업이익,데이터 없음(최초 보고기간 이전),데이터 없음(최초 보고기간 전),DART 정기보고서 없음,5
한화시스템,272210,2019Q2,2019-06-30,분기별 당기순이익(지배),데이터 없음(최초 보고기간 이전),데이터 없음(최초 보고기간 전),DART 정기보고서 없음,5
한화시스템,272210,2019Q2,2019-06-30,분기별 영업활동현금흐름,데이터 없음(최초 보고기간 이전),데이터 없음(최초 보고기간 전),DART 정기보고서 없음,5
한화시스템,272210,2019Q2,2019-06-30,분기말 지배지분 자본,데이터 없음(최초 보고기간 이전),데이터 없음(최초 보고기간 전),DART 정기보고서 없음,5
한화시스템,272210,2019Q2,2019-06-30,분기말 종가,데이터 없음(API 최초 거래일 2019-11-13 이전),데이터 없음(상장 전),KRX 오픈API 종목 기본정보 (상장일 2019-11-13 ; 2019-06-28 코스피·코스닥 일별매매정보에 없음),5
한화시스템,272210,2019Q2,2019-06-30,분기말 상장주식수,데이터 없음(API 최초 거래일 2019-11-13 이전),데이터 없음(상장 전),KRX 오픈API 종목 기본정보 (상장일 2019-11-13 ; 2019-06-28 코스피·코스닥 일별매매정보에 없음),5
한화시스템,272210,2019Q2,2019-06-30,분기말 시가총액,데이터 없음(API 최초 거래일 2019-11-13 이전),데이터 없음(상장 전),KRX 오픈API 종목 기본정보 (상장일 2019-11-13 ; 2019-06-28 코스피·코스닥 일별매매정보에 없음),5
한화시스템,272210,2019Q3,2019-09-30,분기말 자산총계,데이터 없음(최초 보고기간 이전),데이터 없음(최초 보고기간 전),DART 정기보고서 없음,5
한화시스템,272210,2019Q3,2019-09-30,분기말 부채총계,데이터 없음(최초 보고기간 이전),데이터 없음(최초 보고기간 전),DART 정기보고서 없음,5
한화시스템,272210,2019Q3,2019-09-30,분기말 총자본(자기자본),데이터 없음(최초 보고기간 이전),데이터 없음(최초 보고기간 전),DART 정기보고서 없음,5
한화시스템,272210,2019Q3,2019-09-30,분기별 매출액,데이터 없음(최초 보고기간 이전),데이터 없음(최초 보고기간 전),DART 정기보고서 없음,5
한화시스템,272210,2019Q3,2019-09-30,분기별 영업이익,데이터 없음(최초 보고기간 이전),데이터 없음(최초 보고기간 전),DART 정기보고서 없음,5
한화시스템,272210,2019Q3,2019-09-30,분기별 당기순이익(지배),데이터 없음(최초 보고기간 이전),데이터 없음(최초 보고기간 전),DART 정기보고서 없음,5
한화시스템,272210,2019Q3,2019-09-30,분기별 영업활동현금흐름,데이터 없음(최초 보고기간 이전),데이터 없음(최초 보고기간 전),DART 정기보고서 없음,5
한화시스템,272210,2019Q3,2019-09-30,분기말 지배지분 자본,데이터 없음(최초 보고기간 이전),데이터 없음(최초 보고기간 전),DART 정기보고서 없음,5
한화시스템,272210,2019Q3,2019-09-30,분기말 종가,데이터 없음(API 최초 거래일 2019-11-13 이전),데이터 없음(상장 전),KRX 오픈API 종목 기본정보 (상장일 2019-11-13 ; 2019-09-30 코스피·코스닥 일별매매정보에 없음),5
한화시스템,272210,2019Q3,2019-09-30,분기말 상장주식수,데이터 없음(API 최초 거래일 2019-11-13 이전),데이터 없음(상장 전),KRX 오픈API 종목 기본정보 (상장일 2019-11-13 ; 2019-09-30 코스피·코스닥 일별매매정보에 없음),5
한화시스템,272210,2019Q3,2019-09-30,분기말 시가총액,데이터 없음(API 최초 거래일 2019-11-13 이전),데이터 없음(상장 전),KRX 오픈API 종목 기본정보 (상장일 2019-11-13 ; 2019-09-30 코스피·코스닥 일별매매정보에 없음),5
한화시스템,272210,2019Q4,2019-12-31,분기말 자산총계,2409244539695,공시,https://dart.fss.or.kr/dsaf001/main.do?rcpNo=20200327002114,5
한화시스템,272210,2019Q4,2019-12-31,분기말 부채총계,1440803950676,공시,https://dart.fss.or.kr/dsaf001/main.do?rcpNo=20200327002114,5
한화시스템,272210,2019Q4,2019-12-31,분기말 총자본(자기자본),968440589019,공시,https://dart.fss.or.kr/dsaf001/main.do?rcpNo=20200327002114,5
한화시스템,272210,2019Q4,2019-12-31,분기별 매출액,1545983879623,공시,https://dart.fss.or.kr/dsaf001/main.do?rcpNo=20200327002114,5
한화시스템,272210,2019Q4,2019-12-31,분기별 영업이익,85761981610,공시,https://dart.fss.or.kr/dsaf001/main.do?rcpNo=20200327002114,5
한화시스템,272210,2019Q4,2019-12-31,분기별 당기순이익(지배),72896109675,공시,https://dart.fss.or.kr/dsaf001/main.do?rcpNo=20200327002114,5
한화시스템,272210,2019Q4,2019-12-31,분기별 영업활동현금흐름,408620564116,공시,https://dart.fss.or.kr/dsaf001/main.do?rcpNo=20200327002114,5
한화시스템,272210,2019Q4,2019-12-31,분기말 지배지분 자본,968440589019,공시,https://dart.fss.or.kr/dsaf001/main.do?rcpNo=20200327002114,5
한화시스템,272210,2019Q4,2019-12-30,분기말 종가,10350,API,"https://data-dbg.krx.co.kr/svc/apis/sto/stk_bydd_trd?basDd=20191230 (KOSPI, 한화시스템 ; 종가 10350 × 상장주식수 110230389 = 시가총액 1140884526150)",5
한화시스템,272210,2019Q4,2019-12-30,분기말 상장주식수,110230389,API,"https://data-dbg.krx.co.kr/svc/apis/sto/stk_bydd_trd?basDd=20191230 (KOSPI, 한화시스템 ; 종가 10350 × 상장주식수 110230389 = 시가총액 1140884526150)",5
한화시스템,272210,2019Q4,2019-12-30,분기말 시가총액,1140884526150,API,"https://data-dbg.krx.co.kr/svc/apis/sto/stk_bydd_trd?basDd=20191230 (KOSPI, 한화시스템 ; 종가 10350 × 상장주식수 110230389 = 시가총액 1140884526150)",5
한화시스템,272210,2020Q1,2020-03-31,분기말 자산총계,2749625334071,공시,https://dart.fss.or.kr/dsaf001/main.do?rcpNo=20200515000944,5
한화시스템,272210,2020Q1,2020-03-31,분기말 부채총계,1805235468940,공시,https://dart.fss.or.kr/dsaf001/main.do?rcpNo=20200515000944,5
한화시스템,272210,2020Q1,2020-03-31,분기말 총자본(자기자본),944389865131,공시,https://dart.fss.or.kr/dsaf001/main.do?rcpNo=20200515000944,5
한화시스템,272210,2020Q1,2020-03-31,분기별 매출액,282256059442,공시,https://dart.fss.or.kr/dsaf001/main.do?rcpNo=20200515000944,5
한화시스템,272210,2020Q1,2020-03-31,분기별 영업이익,10931880605,공시,https://dart.fss.or.kr/dsaf001/main.do?rcpNo=20200515000944,5
한화시스템,272210,2020Q1,2020-03-31,분기별 당기순이익(지배),9611622097,공시,https://dart.fss.or.kr/dsaf001/main.do?rcpNo=20200515000944,5
한화시스템,272210,2020Q1,2020-03-31,분기별 영업활동현금흐름,-20131004848,공시,https://dart.fss.or.kr/dsaf001/main.do?rcpNo=20200515000944,5
한화시스템,272210,2020Q1,2020-03-31,분기말 지배지분 자본,944389865131,공시,https://dart.fss.or.kr/dsaf001/main.do?rcpNo=20200515000944,5
한화시스템,272210,2020Q1,2020-03-31,분기말 종가,7080,API,https://apis.data.go.kr/1160100/GetStockSecuritiesInfoService_V2/getStockPriceInfo_V2?basDt=20200331&likeSrtnCd=272210 (serviceKey 제외),5
한화시스템,272210,2020Q1,2020-03-31,분기말 상장주식수,110230389,API,https://apis.data.go.kr/1160100/GetStockSecuritiesInfoService_V2/getStockPriceInfo_V2?basDt=20200331&likeSrtnCd=272210 (serviceKey 제외),5
한화시스템,272210,2020Q1,2020-03-31,분기말 시가총액,780431154120,API,https://apis.data.go.kr/1160100/GetStockSecuritiesInfoService_V2/getStockPriceInfo_V2?basDt=20200331&likeSrtnCd=272210 (serviceKey 제외),5
한화시스템,272210,2020Q2,2020-06-30,분기말 자산총계,2745953484481,공시,https://dart.fss.or.kr/dsaf001/main.do?rcpNo=20200813000122,5
한화시스템,272210,2020Q2,2020-06-30,분기말 부채총계,1788601384889,공시,https://dart.fss.or.kr/dsaf001/main.do?rcpNo=20200813000122,5
한화시스템,272210,2020Q2,2020-06-30,분기말 총자본(자기자본),957352099592,공시,https://dart.fss.or.kr/dsaf001/main.do?rcpNo=20200813000122,5
한화시스템,272210,2020Q2,2020-06-30,분기별 매출액,323055398078,공시,https://dart.fss.or.kr/dsaf001/main.do?rcpNo=20200813000122,5
한화시스템,272210,2020Q2,2020-06-30,분기별 영업이익,18227202658,공시,https://dart.fss.or.kr/dsaf001/main.do?rcpNo=20200813000122,5
한화시스템,272210,2020Q2,2020-06-30,분기별 당기순이익(지배),12990798618,공시,https://dart.fss.or.kr/dsaf001/main.do?rcpNo=20200813000122,5
한화시스템,272210,2020Q2,2020-06-30,분기별 영업활동현금흐름,140810835235,계산(누적차감),https://dart.fss.or.kr/dsaf001/main.do?rcpNo=20200813000122 ; https://dart.fss.or.kr/dsaf001/main.do?rcpNo=20200515000944,5
한화시스템,272210,2020Q2,2020-06-30,분기말 지배지분 자본,957352099592,공시,https://dart.fss.or.kr/dsaf001/main.do?rcpNo=20200813000122,5
한화시스템,272210,2020Q2,2020-06-30,분기말 종가,8860,API,https://apis.data.go.kr/1160100/GetStockSecuritiesInfoService_V2/getStockPriceInfo_V2?basDt=20200630&likeSrtnCd=272210 (serviceKey 제외),5
한화시스템,272210,2020Q2,2020-06-30,분기말 상장주식수,110230389,API,https://apis.data.go.kr/1160100/GetStockSecuritiesInfoService_V2/getStockPriceInfo_V2?basDt=20200630&likeSrtnCd=272210 (serviceKey 제외),5
한화시스템,272210,2020Q2,2020-06-30,분기말 시가총액,976641246540,API,https://apis.data.go.kr/1160100/GetStockSecuritiesInfoService_V2/getStockPriceInfo_V2?basDt=20200630&likeSrtnCd=272210 (serviceKey 제외),5
한화시스템,272210,2020Q3,2020-09-30,분기말 자산총계,2790156426772,공시,https://dart.fss.or.kr/dsaf001/main.do?rcpNo=20201113000749,5
한화시스템,272210,2020Q3,2020-09-30,분기말 부채총계,1801511593203,공시,https://dart.fss.or.kr/dsaf001/main.do?rcpNo=20201113000749,5
한화시스템,272210,2020Q3,2020-09-30,분기말 총자본(자기자본),988644833569,공시,https://dart.fss.or.kr/dsaf001/main.do?rcpNo=20201113000749,5
한화시스템,272210,2020Q3,2020-09-30,분기별 매출액,379583388050,공시,https://dart.fss.or.kr/dsaf001/main.do?rcpNo=20201113000749,5
한화시스템,272210,2020Q3,2020-09-30,분기별 영업이익,44678064066,공시,https://dart.fss.or.kr/dsaf001/main.do?rcpNo=20201113000749,5
한화시스템,272210,2020Q3,2020-09-30,분기별 당기순이익(지배),31333270321,공시,https://dart.fss.or.kr/dsaf001/main.do?rcpNo=20201113000749,5
한화시스템,272210,2020Q3,2020-09-30,분기별 영업활동현금흐름,928585657,계산(누적차감),https://dart.fss.or.kr/dsaf001/main.do?rcpNo=20201113000749 ; https://dart.fss.or.kr/dsaf001/main.do?rcpNo=20200813000122,5
한화시스템,272210,2020Q3,2020-09-30,분기말 지배지분 자본,988644833569,공시,https://dart.fss.or.kr/dsaf001/main.do?rcpNo=20201113000749,5
한화시스템,272210,2020Q3,2020-09-29,분기말 종가,11400,API,https://apis.data.go.kr/1160100/GetStockSecuritiesInfoService_V2/getStockPriceInfo_V2?basDt=20200929&likeSrtnCd=272210 (serviceKey 제외),5
한화시스템,272210,2020Q3,2020-09-29,분기말 상장주식수,110230389,API,https://apis.data.go.kr/1160100/GetStockSecuritiesInfoService_V2/getStockPriceInfo_V2?basDt=20200929&likeSrtnCd=272210 (serviceKey 제외),5
한화시스템,272210,2020Q3,2020-09-29,분기말 시가총액,1256626434600,API,https://apis.data.go.kr/1160100/GetStockSecuritiesInfoService_V2/getStockPriceInfo_V2?basDt=20200929&likeSrtnCd=272210 (serviceKey 제외),5
한화시스템,272210,2020Q4,2020-12-31,분기말 자산총계,2695070123421,공시,https://dart.fss.or.kr/dsaf001/main.do?rcpNo=20210511000265,5
한화시스템,272210,2020Q4,2020-12-31,분기말 부채총계,1662387743462,공시,https://dart.fss.or.kr/dsaf001/main.do?rcpNo=20210511000265,5
한화시스템,272210,2020Q4,2020-12-31,분기말 총자본(자기자본),1032682379959,공시,https://dart.fss.or.kr/dsaf001/main.do?rcpNo=20210511000265,5
한화시스템,272210,2020Q4,2020-12-31,분기별 매출액,657959726024,계산(연간-3분기누적),https://dart.fss.or.kr/dsaf001/main.do?rcpNo=20210511000265 ; https://dart.fss.or.kr/dsaf001/main.do?rcpNo=20201113000749,5
한화시스템,272210,2020Q4,2020-12-31,분기별 영업이익,19026262842,계산(연간-3분기누적),https://dart.fss.or.kr/dsaf001/main.do?rcpNo=20210511000265 ; https://dart.fss.or.kr/dsaf001/main.do?rcpNo=20201113000749,5
한화시스템,272210,2020Q4,2020-12-31,분기별 당기순이익(지배),39644853264,계산(연간-3분기누적),https://dart.fss.or.kr/dsaf001/main.do?rcpNo=20210511000265 ; https://dart.fss.or.kr/dsaf001/main.do?rcpNo=20201113000749,5
한화시스템,272210,2020Q4,2020-12-31,분기별 영업활동현금흐름,53182823691,계산(누적차감),https://dart.fss.or.kr/dsaf001/main.do?rcpNo=20210511000265 ; https://dart.fss.or.kr/dsaf001/main.do?rcpNo=20201113000749,5
한화시스템,272210,2020Q4,2020-12-31,분기말 지배지분 자본,1032682379959,공시,https://dart.fss.or.kr/dsaf001/main.do?rcpNo=20210511000265,5
한화시스템,272210,2020Q4,2020-12-30,분기말 종가,17300,API,https://apis.data.go.kr/1160100/GetStockSecuritiesInfoService_V2/getStockPriceInfo_V2?basDt=20201230&likeSrtnCd=272210 (serviceKey 제외),5
한화시스템,272210,2020Q4,2020-12-30,분기말 상장주식수,110230389,API,https://apis.data.go.kr/1160100/GetStockSecuritiesInfoService_V2/getStockPriceInfo_V2?basDt=20201230&likeSrtnCd=272210 (serviceKey 제외),5
한화시스템,272210,2020Q4,2020-12-30,분기말 시가총액,1906985729700,API,https://apis.data.go.kr/1160100/GetStockSecuritiesInfoService_V2/getStockPriceInfo_V2?basDt=20201230&likeSrtnCd=272210 (serviceKey 제외),5
한화시스템,272210,2021Q1,2021-03-31,분기말 자산총계,2596074110023,공시,https://dart.fss.or.kr/dsaf001/main.do?rcpNo=20210511000345,5
한화시스템,272210,2021Q1,2021-03-31,분기말 부채총계,1596967119963,공시,https://dart.fss.or.kr/dsaf001/main.do?rcpNo=20210511000345,5
한화시스템,272210,2021Q1,2021-03-31,분기말 총자본(자기자본),999106990060,공시,https://dart.fss.or.kr/dsaf001/main.do?rcpNo=20210511000345,5
한화시스템,272210,2021Q1,2021-03-31,분기별 매출액,366732348851,공시,https://dart.fss.or.kr/dsaf001/main.do?rcpNo=20210511000345,5
한화시스템,272210,2021Q1,2021-03-31,분기별 영업이익,30700747235,공시,https://dart.fss.or.kr/dsaf001/main.do?rcpNo=20210511000345,5
한화시스템,272210,2021Q1,2021-03-31,분기별 당기순이익(지배),23837765810,공시,https://dart.fss.or.kr/dsaf001/main.do?rcpNo=20210511000345,5
한화시스템,272210,2021Q1,2021-03-31,분기별 영업활동현금흐름,-116160105202,공시,https://dart.fss.or.kr/dsaf001/main.do?rcpNo=20210511000345,5
한화시스템,272210,2021Q1,2021-03-31,분기말 지배지분 자본,999106990060,공시,https://dart.fss.or.kr/dsaf001/main.do?rcpNo=20210511000345,5
한화시스템,272210,2021Q1,2021-03-31,분기말 종가,22100,API,https://apis.data.go.kr/1160100/GetStockSecuritiesInfoService_V2/getStockPriceInfo_V2?basDt=20210331&likeSrtnCd=272210 (serviceKey 제외),5
한화시스템,272210,2021Q1,2021-03-31,분기말 상장주식수,110230389,API,https://apis.data.go.kr/1160100/GetStockSecuritiesInfoService_V2/getStockPriceInfo_V2?basDt=20210331&likeSrtnCd=272210 (serviceKey 제외),5
한화시스템,272210,2021Q1,2021-03-31,분기말 시가총액,2436091596900,API,https://apis.data.go.kr/1160100/GetStockSecuritiesInfoService_V2/getStockPriceInfo_V2?basDt=20210331&likeSrtnCd=272210 (serviceKey 제외),5
한화시스템,272210,2021Q2,2021-06-30,분기말 자산총계,3874519230979,공시,https://dart.fss.or.kr/dsaf001/main.do?rcpNo=20210824000003,5
한화시스템,272210,2021Q2,2021-06-30,분기말 부채총계,1698751824372,공시,https://dart.fss.or.kr/dsaf001/main.do?rcpNo=20210824000003,5
한화시스템,272210,2021Q2,2021-06-30,분기말 총자본(자기자본),2175767406607,공시,https://dart.fss.or.kr/dsaf001/main.do?rcpNo=20210824000003,5
한화시스템,272210,2021Q2,2021-06-30,분기별 매출액,485885551294,공시,https://dart.fss.or.kr/dsaf001/main.do?rcpNo=20210824000003,5
한화시스템,272210,2021Q2,2021-06-30,분기별 영업이익,31425951891,공시,https://dart.fss.or.kr/dsaf001/main.do?rcpNo=20210824000003,5
한화시스템,272210,2021Q2,2021-06-30,분기별 당기순이익(지배),21990596607,공시,https://dart.fss.or.kr/dsaf001/main.do?rcpNo=20210824000003,5
한화시스템,272210,2021Q2,2021-06-30,분기별 영업활동현금흐름,183063728161,계산(누적차감),https://dart.fss.or.kr/dsaf001/main.do?rcpNo=20210824000003 ; https://dart.fss.or.kr/dsaf001/main.do?rcpNo=20210511000345,5
한화시스템,272210,2021Q2,2021-06-30,분기말 지배지분 자본,2175767406607,공시,https://dart.fss.or.kr/dsaf001/main.do?rcpNo=20210824000003,5
한화시스템,272210,2021Q2,2021-06-30,분기말 종가,17050,API,https://apis.data.go.kr/1160100/GetStockSecuritiesInfoService_V2/getStockPriceInfo_V2?basDt=20210630&likeSrtnCd=272210 (serviceKey 제외),5
한화시스템,272210,2021Q2,2021-06-30,분기말 상장주식수,188919389,API,https://apis.data.go.kr/1160100/GetStockSecuritiesInfoService_V2/getStockPriceInfo_V2?basDt=20210630&likeSrtnCd=272210 (serviceKey 제외),5
한화시스템,272210,2021Q2,2021-06-30,분기말 시가총액,3221075582450,API,https://apis.data.go.kr/1160100/GetStockSecuritiesInfoService_V2/getStockPriceInfo_V2?basDt=20210630&likeSrtnCd=272210 (serviceKey 제외),5
한화시스템,272210,2021Q3,2021-09-30,분기말 자산총계,3873179619208,공시,https://dart.fss.or.kr/dsaf001/main.do?rcpNo=20211112000303,5
한화시스템,272210,2021Q3,2021-09-30,분기말 부채총계,1665077958437,공시,https://dart.fss.or.kr/dsaf001/main.do?rcpNo=20211112000303,5
한화시스템,272210,2021Q3,2021-09-30,분기말 총자본(자기자본),2208101660771,공시,https://dart.fss.or.kr/dsaf001/main.do?rcpNo=20211112000303,5
한화시스템,272210,2021Q3,2021-09-30,분기별 매출액,557360337509,공시,https://dart.fss.or.kr/dsaf001/main.do?rcpNo=20211112000303,5
한화시스템,272210,2021Q3,2021-09-30,분기별 영업이익,42574626338,공시,https://dart.fss.or.kr/dsaf001/main.do?rcpNo=20211112000303,5
한화시스템,272210,2021Q3,2021-09-30,분기별 당기순이익(지배),31191056565,공시,https://dart.fss.or.kr/dsaf001/main.do?rcpNo=20211112000303,5
한화시스템,272210,2021Q3,2021-09-30,분기별 영업활동현금흐름,-38267385290,계산(누적차감),https://dart.fss.or.kr/dsaf001/main.do?rcpNo=20211112000303 ; https://dart.fss.or.kr/dsaf001/main.do?rcpNo=20210824000003,5
한화시스템,272210,2021Q3,2021-09-30,분기말 지배지분 자본,2208101660771,공시,https://dart.fss.or.kr/dsaf001/main.do?rcpNo=20211112000303,5
한화시스템,272210,2021Q3,2021-09-30,분기말 종가,17500,API,https://apis.data.go.kr/1160100/GetStockSecuritiesInfoService_V2/getStockPriceInfo_V2?basDt=20210930&likeSrtnCd=272210 (serviceKey 제외),5
한화시스템,272210,2021Q3,2021-09-30,분기말 상장주식수,188919389,API,https://apis.data.go.kr/1160100/GetStockSecuritiesInfoService_V2/getStockPriceInfo_V2?basDt=20210930&likeSrtnCd=272210 (serviceKey 제외),5
한화시스템,272210,2021Q3,2021-09-30,분기말 시가총액,3306089307500,API,https://apis.data.go.kr/1160100/GetStockSecuritiesInfoService_V2/getStockPriceInfo_V2?basDt=20210930&likeSrtnCd=272210 (serviceKey 제외),5
한화시스템,272210,2021Q4,2021-12-31,분기말 자산총계,3894302649982,공시,https://dart.fss.or.kr/dsaf001/main.do?rcpNo=20220516000217,5
한화시스템,272210,2021Q4,2021-12-31,분기말 부채총계,1654541163154,공시,https://dart.fss.or.kr/dsaf001/main.do?rcpNo=20220516000217,5
한화시스템,272210,2021Q4,2021-12-31,분기말 총자본(자기자본),2239761486828,공시,https://dart.fss.or.kr/dsaf001/main.do?rcpNo=20220516000217,5
한화시스템,272210,2021Q4,2021-12-31,분기별 매출액,679524801471,계산(연간-3분기누적),https://dart.fss.or.kr/dsaf001/main.do?rcpNo=20220516000217 ; https://dart.fss.or.kr/dsaf001/main.do?rcpNo=20211112000303,5
한화시스템,272210,2021Q4,2021-12-31,분기별 영업이익,7348386758,계산(연간-3분기누적),https://dart.fss.or.kr/dsaf001/main.do?rcpNo=20220516000217 ; https://dart.fss.or.kr/dsaf001/main.do?rcpNo=20211112000303,5
한화시스템,272210,2021Q4,2021-12-31,분기별 당기순이익(지배),21295643841,계산(연간-3분기누적),https://dart.fss.or.kr/dsaf001/main.do?rcpNo=20220516000217 ; https://dart.fss.or.kr/dsaf001/main.do?rcpNo=20211112000303,5
한화시스템,272210,2021Q4,2021-12-31,분기별 영업활동현금흐름,287877581848,계산(누적차감),https://dart.fss.or.kr/dsaf001/main.do?rcpNo=20220516000217 ; https://dart.fss.or.kr/dsaf001/main.do?rcpNo=20211112000303,5
한화시스템,272210,2021Q4,2021-12-31,분기말 지배지분 자본,2222498066782,공시,https://dart.fss.or.kr/dsaf001/main.do?rcpNo=20220516000217,5
한화시스템,272210,2021Q4,2021-12-30,분기말 종가,16000,API,https://apis.data.go.kr/1160100/GetStockSecuritiesInfoService_V2/getStockPriceInfo_V2?basDt=20211230&likeSrtnCd=272210 (serviceKey 제외),5
한화시스템,272210,2021Q4,2021-12-30,분기말 상장주식수,188919389,API,https://apis.data.go.kr/1160100/GetStockSecuritiesInfoService_V2/getStockPriceInfo_V2?basDt=20211230&likeSrtnCd=272210 (serviceKey 제외),5
한화시스템,272210,2021Q4,2021-12-30,분기말 시가총액,3022710224000,API,https://apis.data.go.kr/1160100/GetStockSecuritiesInfoService_V2/getStockPriceInfo_V2?basDt=20211230&likeSrtnCd=272210 (serviceKey 제외),5
한화시스템,272210,2022Q1,2022-03-31,분기말 자산총계,3734791574557,공시,https://dart.fss.or.kr/dsaf001/main.do?rcpNo=20220516000230,5
한화시스템,272210,2022Q1,2022-03-31,분기말 부채총계,1516255014036,공시,https://dart.fss.or.kr/dsaf001/main.do?rcpNo=20220516000230,5
한화시스템,272210,2022Q1,2022-03-31,분기말 총자본(자기자본),2218536560521,공시,https://dart.fss.or.kr/dsaf001/main.do?rcpNo=20220516000230,5
한화시스템,272210,2022Q1,2022-03-31,분기별 매출액,429564428341,공시,https://dart.fss.or.kr/dsaf001/main.do?rcpNo=20220516000230,5
한화시스템,272210,2022Q1,2022-03-31,분기별 영업이익,15161969618,공시,https://dart.fss.or.kr/dsaf001/main.do?rcpNo=20220516000230,5
한화시스템,272210,2022Q1,2022-03-31,분기별 당기순이익(지배),11614071993,공시,https://dart.fss.or.kr/dsaf001/main.do?rcpNo=20220516000230,5
한화시스템,272210,2022Q1,2022-03-31,분기별 영업활동현금흐름,-187915403630,공시,https://dart.fss.or.kr/dsaf001/main.do?rcpNo=20220516000230,5
한화시스템,272210,2022Q1,2022-03-31,분기말 지배지분 자본,2202290381105,공시,https://dart.fss.or.kr/dsaf001/main.do?rcpNo=20220516000230,5
한화시스템,272210,2022Q1,2022-03-31,분기말 종가,16400,API,https://apis.data.go.kr/1160100/GetStockSecuritiesInfoService_V2/getStockPriceInfo_V2?basDt=20220331&likeSrtnCd=272210 (serviceKey 제외),5
한화시스템,272210,2022Q1,2022-03-31,분기말 상장주식수,188919389,API,https://apis.data.go.kr/1160100/GetStockSecuritiesInfoService_V2/getStockPriceInfo_V2?basDt=20220331&likeSrtnCd=272210 (serviceKey 제외),5
한화시스템,272210,2022Q1,2022-03-31,분기말 시가총액,3098277979600,API,https://apis.data.go.kr/1160100/GetStockSecuritiesInfoService_V2/getStockPriceInfo_V2?basDt=20220331&likeSrtnCd=272210 (serviceKey 제외),5
한화시스템,272210,2022Q2,2022-06-30,분기말 자산총계,3926645720890,공시,https://dart.fss.or.kr/dsaf001/main.do?rcpNo=20220812000569,5
한화시스템,272210,2022Q2,2022-06-30,분기말 부채총계,1746506901419,공시,https://dart.fss.or.kr/dsaf001/main.do?rcpNo=20220812000569,5
한화시스템,272210,2022Q2,2022-06-30,분기말 총자본(자기자본),2180138819471,공시,https://dart.fss.or.kr/dsaf001/main.do?rcpNo=20220812000569,5
한화시스템,272210,2022Q2,2022-06-30,분기별 매출액,510494176184,공시,https://dart.fss.or.kr/dsaf001/main.do?rcpNo=20220812000569,5
한화시스템,272210,2022Q2,2022-06-30,분기별 영업이익,16426930170,공시,https://dart.fss.or.kr/dsaf001/main.do?rcpNo=20220812000569,5
한화시스템,272210,2022Q2,2022-06-30,분기별 당기순이익(지배),-45523543606,공시,https://dart.fss.or.kr/dsaf001/main.do?rcpNo=20220812000569,5
한화시스템,272210,2022Q2,2022-06-30,분기별 영업활동현금흐름,385340211415,계산(누적차감),https://dart.fss.or.kr/dsaf001/main.do?rcpNo=20220812000569 ; https://dart.fss.or.kr/dsaf001/main.do?rcpNo=20220516000230,5
한화시스템,272210,2022Q2,2022-06-30,분기말 지배지분 자본,2164764077945,공시,https://dart.fss.or.kr/dsaf001/main.do?rcpNo=20220812000569,5
한화시스템,272210,2022Q2,2022-06-30,분기말 종가,13950,API,https://apis.data.go.kr/1160100/GetStockSecuritiesInfoService_V2/getStockPriceInfo_V2?basDt=20220630&likeSrtnCd=272210 (serviceKey 제외),5
한화시스템,272210,2022Q2,2022-06-30,분기말 상장주식수,188919389,API,https://apis.data.go.kr/1160100/GetStockSecuritiesInfoService_V2/getStockPriceInfo_V2?basDt=20220630&likeSrtnCd=272210 (serviceKey 제외),5
한화시스템,272210,2022Q2,2022-06-30,분기말 시가총액,2635425476550,API,https://apis.data.go.kr/1160100/GetStockSecuritiesInfoService_V2/getStockPriceInfo_V2?basDt=20220630&likeSrtnCd=272210 (serviceKey 제외),5
한화시스템,272210,2022Q3,2022-09-30,분기말 자산총계,3959771423263,공시,https://dart.fss.or.kr/dsaf001/main.do?rcpNo=20221111000214,5
한화시스템,272210,2022Q3,2022-09-30,분기말 부채총계,1740426359396,공시,https://dart.fss.or.kr/dsaf001/main.do?rcpNo=20221111000214,5
한화시스템,272210,2022Q3,2022-09-30,분기말 총자본(자기자본),2219345063867,공시,https://dart.fss.or.kr/dsaf001/main.do?rcpNo=20221111000214,5
한화시스템,272210,2022Q3,2022-09-30,분기별 매출액,459399838243,공시,https://dart.fss.or.kr/dsaf001/main.do?rcpNo=20221111000214,5
한화시스템,272210,2022Q3,2022-09-30,분기별 영업이익,541350957,공시,https://dart.fss.or.kr/dsaf001/main.do?rcpNo=20221111000214,5
한화시스템,272210,2022Q3,2022-09-30,분기별 당기순이익(지배),3569870237,공시,https://dart.fss.or.kr/dsaf001/main.do?rcpNo=20221111000214,5
한화시스템,272210,2022Q3,2022-09-30,분기별 영업활동현금흐름,-177460378074,계산(누적차감),https://dart.fss.or.kr/dsaf001/main.do?rcpNo=20221111000214 ; https://dart.fss.or.kr/dsaf001/main.do?rcpNo=20220812000569,5
한화시스템,272210,2022Q3,2022-09-30,분기말 지배지분 자본,2200040214207,공시,https://dart.fss.or.kr/dsaf001/main.do?rcpNo=20221111000214,5
한화시스템,272210,2022Q3,2022-09-30,분기말 종가,11050,API,https://apis.data.go.kr/1160100/GetStockSecuritiesInfoService_V2/getStockPriceInfo_V2?basDt=20220930&likeSrtnCd=272210 (serviceKey 제외),5
한화시스템,272210,2022Q3,2022-09-30,분기말 상장주식수,188919389,API,https://apis.data.go.kr/1160100/GetStockSecuritiesInfoService_V2/getStockPriceInfo_V2?basDt=20220930&likeSrtnCd=272210 (serviceKey 제외),5
한화시스템,272210,2022Q3,2022-09-30,분기말 시가총액,2087559248450,API,https://apis.data.go.kr/1160100/GetStockSecuritiesInfoService_V2/getStockPriceInfo_V2?basDt=20220930&likeSrtnCd=272210 (serviceKey 제외),5
한화시스템,272210,2022Q4,2022-12-31,분기말 자산총계,3945627700263,공시,https://dart.fss.or.kr/dsaf001/main.do?rcpNo=20230411001656,5
한화시스템,272210,2022Q4,2022-12-31,분기말 부채총계,1926675685540,공시,https://dart.fss.or.kr/dsaf001/main.do?rcpNo=20230411001656,5
한화시스템,272210,2022Q4,2022-12-31,분기말 총자본(자기자본),2018952014723,공시,https://dart.fss.or.kr/dsaf001/main.do?rcpNo=20230411001656,5
한화시스템,272210,2022Q4,2022-12-31,분기별 매출액,788543902581,계산(연간-3분기누적),https://dart.fss.or.kr/dsaf001/main.do?rcpNo=20230411001656 ; https://dart.fss.or.kr/dsaf001/main.do?rcpNo=20221111000214,5
한화시스템,272210,2022Q4,2022-12-31,분기별 영업이익,-8108049623,계산(연간-3분기누적),https://dart.fss.or.kr/dsaf001/main.do?rcpNo=20230411001656 ; https://dart.fss.or.kr/dsaf001/main.do?rcpNo=20221111000214,5
한화시스템,272210,2022Q4,2022-12-31,분기별 당기순이익(지배),-46216196523,계산(연간-3분기누적),https://dart.fss.or.kr/dsaf001/main.do?rcpNo=20230411001656 ; https://dart.fss.or.kr/dsaf001/main.do?rcpNo=20221111000214,5
한화시스템,272210,2022Q4,2022-12-31,분기별 영업활동현금흐름,248620658977,계산(누적차감),https://dart.fss.or.kr/dsaf001/main.do?rcpNo=20230411001656 ; https://dart.fss.or.kr/dsaf001/main.do?rcpNo=20221111000214,5
한화시스템,272210,2022Q4,2022-12-31,분기말 지배지분 자본,2000338956882,공시,https://dart.fss.or.kr/dsaf001/main.do?rcpNo=20230411001656,5
한화시스템,272210,2022Q4,2022-12-29,분기말 종가,10550,API,https://apis.data.go.kr/1160100/GetStockSecuritiesInfoService_V2/getStockPriceInfo_V2?basDt=20221229&likeSrtnCd=272210 (serviceKey 제외),5
한화시스템,272210,2022Q4,2022-12-29,분기말 상장주식수,188919389,API,https://apis.data.go.kr/1160100/GetStockSecuritiesInfoService_V2/getStockPriceInfo_V2?basDt=20221229&likeSrtnCd=272210 (serviceKey 제외),5
한화시스템,272210,2022Q4,2022-12-29,분기말 시가총액,1993099553950,API,https://apis.data.go.kr/1160100/GetStockSecuritiesInfoService_V2/getStockPriceInfo_V2?basDt=20221229&likeSrtnCd=272210 (serviceKey 제외),5
한화시스템,272210,2023Q1,2023-03-31,분기말 자산총계,4044735253503,공시,https://dart.fss.or.kr/dsaf001/main.do?rcpNo=20230510000333,5
한화시스템,272210,2023Q1,2023-03-31,분기말 부채총계,1896656995892,공시,https://dart.fss.or.kr/dsaf001/main.do?rcpNo=20230510000333,5
한화시스템,272210,2023Q1,2023-03-31,분기말 총자본(자기자본),2148078257611,공시,https://dart.fss.or.kr/dsaf001/main.do?rcpNo=20230510000333,5
한화시스템,272210,2023Q1,2023-03-31,분기별 매출액,439516490290,공시,https://dart.fss.or.kr/dsaf001/main.do?rcpNo=20230510000333,5
한화시스템,272210,2023Q1,2023-03-31,분기별 영업이익,8385689879,공시,https://dart.fss.or.kr/dsaf001/main.do?rcpNo=20230510000333,5
한화시스템,272210,2023Q1,2023-03-31,분기별 당기순이익(지배),186368278027,공시,https://dart.fss.or.kr/dsaf001/main.do?rcpNo=20230510000333,5
한화시스템,272210,2023Q1,2023-03-31,분기별 영업활동현금흐름,-182891077598,공시,https://dart.fss.or.kr/dsaf001/main.do?rcpNo=20230510000333,5
한화시스템,272210,2023Q1,2023-03-31,분기말 지배지분 자본,2130862407130,공시,https://dart.fss.or.kr/dsaf001/main.do?rcpNo=20230510000333,5
한화시스템,272210,2023Q1,2023-03-31,분기말 종가,13860,API,https://apis.data.go.kr/1160100/GetStockSecuritiesInfoService_V2/getStockPriceInfo_V2?basDt=20230331&likeSrtnCd=272210 (serviceKey 제외),5
한화시스템,272210,2023Q1,2023-03-31,분기말 상장주식수,188919389,API,https://apis.data.go.kr/1160100/GetStockSecuritiesInfoService_V2/getStockPriceInfo_V2?basDt=20230331&likeSrtnCd=272210 (serviceKey 제외),5
한화시스템,272210,2023Q1,2023-03-31,분기말 시가총액,2618422731540,API,https://apis.data.go.kr/1160100/GetStockSecuritiesInfoService_V2/getStockPriceInfo_V2?basDt=20230331&likeSrtnCd=272210 (serviceKey 제외),5
한화시스템,272210,2023Q2,2023-06-30,분기말 자산총계,4167796409645,공시,https://dart.fss.or.kr/dsaf001/main.do?rcpNo=20230811001166,5
한화시스템,272210,2023Q2,2023-06-30,분기말 부채총계,1951341265710,공시,https://dart.fss.or.kr/dsaf001/main.do?rcpNo=20230811001166,5
한화시스템,272210,2023Q2,2023-06-30,분기말 총자본(자기자본),2216455143935,공시,https://dart.fss.or.kr/dsaf001/main.do?rcpNo=20230811001166,5
한화시스템,272210,2023Q2,2023-06-30,분기별 매출액,610676669255,공시,https://dart.fss.or.kr/dsaf001/main.do?rcpNo=20230811001166,5
한화시스템,272210,2023Q2,2023-06-30,분기별 영업이익,25932185243,공시,https://dart.fss.or.kr/dsaf001/main.do?rcpNo=20230811001166,5
한화시스템,272210,2023Q2,2023-06-30,분기별 당기순이익(지배),76324971454,공시,https://dart.fss.or.kr/dsaf001/main.do?rcpNo=20230811001166,5
한화시스템,272210,2023Q2,2023-06-30,분기별 영업활동현금흐름,116284678893,계산(누적차감),https://dart.fss.or.kr/dsaf001/main.do?rcpNo=20230811001166 ; https://dart.fss.or.kr/dsaf001/main.do?rcpNo=20230510000333,5
한화시스템,272210,2023Q2,2023-06-30,분기말 지배지분 자본,2200004070109,공시,https://dart.fss.or.kr/dsaf001/main.do?rcpNo=20230811001166,5
한화시스템,272210,2023Q2,2023-06-30,분기말 종가,14600,API,https://apis.data.go.kr/1160100/GetStockSecuritiesInfoService_V2/getStockPriceInfo_V2?basDt=20230630&likeSrtnCd=272210 (serviceKey 제외),5
한화시스템,272210,2023Q2,2023-06-30,분기말 상장주식수,188919389,API,https://apis.data.go.kr/1160100/GetStockSecuritiesInfoService_V2/getStockPriceInfo_V2?basDt=20230630&likeSrtnCd=272210 (serviceKey 제외),5
한화시스템,272210,2023Q2,2023-06-30,분기말 시가총액,2758223079400,API,https://apis.data.go.kr/1160100/GetStockSecuritiesInfoService_V2/getStockPriceInfo_V2?basDt=20230630&likeSrtnCd=272210 (serviceKey 제외),5
한화시스템,272210,2023Q3,2023-09-30,분기말 자산총계,4394824008372,공시,https://dart.fss.or.kr/dsaf001/main.do?rcpNo=20231114000593,5
한화시스템,272210,2023Q3,2023-09-30,분기말 부채총계,2134805306147,공시,https://dart.fss.or.kr/dsaf001/main.do?rcpNo=20231114000593,5
한화시스템,272210,2023Q3,2023-09-30,분기말 총자본(자기자본),2260018702225,공시,https://dart.fss.or.kr/dsaf001/main.do?rcpNo=20231114000593,5
한화시스템,272210,2023Q3,2023-09-30,분기별 매출액,620823051196,공시,https://dart.fss.or.kr/dsaf001/main.do?rcpNo=20231114000593,5
한화시스템,272210,2023Q3,2023-09-30,분기별 영업이익,37332548936,공시,https://dart.fss.or.kr/dsaf001/main.do?rcpNo=20231114000593,5
한화시스템,272210,2023Q3,2023-09-30,분기별 당기순이익(지배),42828564915,공시,https://dart.fss.or.kr/dsaf001/main.do?rcpNo=20231114000593,5
한화시스템,272210,2023Q3,2023-09-30,분기별 영업활동현금흐름,-114754243613,계산(누적차감),https://dart.fss.or.kr/dsaf001/main.do?rcpNo=20231114000593 ; https://dart.fss.or.kr/dsaf001/main.do?rcpNo=20230811001166,5
한화시스템,272210,2023Q3,2023-09-30,분기말 지배지분 자본,2243378047444,공시,https://dart.fss.or.kr/dsaf001/main.do?rcpNo=20231114000593,5
한화시스템,272210,2023Q3,2023-09-27,분기말 종가,12270,API,https://apis.data.go.kr/1160100/GetStockSecuritiesInfoService_V2/getStockPriceInfo_V2?basDt=20230927&likeSrtnCd=272210 (serviceKey 제외),5
한화시스템,272210,2023Q3,2023-09-27,분기말 상장주식수,188919389,API,https://apis.data.go.kr/1160100/GetStockSecuritiesInfoService_V2/getStockPriceInfo_V2?basDt=20230927&likeSrtnCd=272210 (serviceKey 제외),5
한화시스템,272210,2023Q3,2023-09-27,분기말 시가총액,2318040903030,API,https://apis.data.go.kr/1160100/GetStockSecuritiesInfoService_V2/getStockPriceInfo_V2?basDt=20230927&likeSrtnCd=272210 (serviceKey 제외),5
한화시스템,272210,2023Q4,2023-12-31,분기말 자산총계,4483210824746,공시,https://dart.fss.or.kr/dsaf001/main.do?rcpNo=20240516000399,5
한화시스템,272210,2023Q4,2023-12-31,분기말 부채총계,2329084660742,공시,https://dart.fss.or.kr/dsaf001/main.do?rcpNo=20240516000399,5
한화시스템,272210,2023Q4,2023-12-31,분기말 총자본(자기자본),2154126164004,공시,https://dart.fss.or.kr/dsaf001/main.do?rcpNo=20240516000399,5
한화시스템,272210,2023Q4,2023-12-31,분기별 매출액,782063331181,계산(연간-3분기누적),https://dart.fss.or.kr/dsaf001/main.do?rcpNo=20240516000399 ; https://dart.fss.or.kr/dsaf001/main.do?rcpNo=20231114000593,5
한화시스템,272210,2023Q4,2023-12-31,분기별 영업이익,21220297056,계산(연간-3분기누적),https://dart.fss.or.kr/dsaf001/main.do?rcpNo=20240516000399 ; https://dart.fss.or.kr/dsaf001/main.do?rcpNo=20231114000593,5
한화시스템,272210,2023Q4,2023-12-31,분기별 당기순이익(지배),43699474690,계산(연간-3분기누적),https://dart.fss.or.kr/dsaf001/main.do?rcpNo=20240516000399 ; https://dart.fss.or.kr/dsaf001/main.do?rcpNo=20231114000593,5
한화시스템,272210,2023Q4,2023-12-31,분기별 영업활동현금흐름,264723879367,계산(누적차감),https://dart.fss.or.kr/dsaf001/main.do?rcpNo=20240516000399 ; https://dart.fss.or.kr/dsaf001/main.do?rcpNo=20231114000593,5
한화시스템,272210,2023Q4,2023-12-31,분기말 지배지분 자본,2139817927616,공시,https://dart.fss.or.kr/dsaf001/main.do?rcpNo=20240516000399,5
한화시스템,272210,2023Q4,2023-12-28,분기말 종가,17360,API,https://apis.data.go.kr/1160100/GetStockSecuritiesInfoService_V2/getStockPriceInfo_V2?basDt=20231228&likeSrtnCd=272210 (serviceKey 제외),5
한화시스템,272210,2023Q4,2023-12-28,분기말 상장주식수,188919389,API,https://apis.data.go.kr/1160100/GetStockSecuritiesInfoService_V2/getStockPriceInfo_V2?basDt=20231228&likeSrtnCd=272210 (serviceKey 제외),5
한화시스템,272210,2023Q4,2023-12-28,분기말 시가총액,3279640593040,API,https://apis.data.go.kr/1160100/GetStockSecuritiesInfoService_V2/getStockPriceInfo_V2?basDt=20231228&likeSrtnCd=272210 (serviceKey 제외),5
한화시스템,272210,2024Q1,2024-03-31,분기말 자산총계,4731225765407,공시,https://dart.fss.or.kr/dsaf001/main.do?rcpNo=20240513000847,5
한화시스템,272210,2024Q1,2024-03-31,분기말 부채총계,2563406526046,공시,https://dart.fss.or.kr/dsaf001/main.do?rcpNo=20240513000847,5
한화시스템,272210,2024Q1,2024-03-31,분기말 총자본(자기자본),2167819239361,공시,https://dart.fss.or.kr/dsaf001/main.do?rcpNo=20240513000847,5
한화시스템,272210,2024Q1,2024-03-31,분기별 매출액,544363756675,공시,https://dart.fss.or.kr/dsaf001/main.do?rcpNo=20240513000847,5
한화시스템,272210,2024Q1,2024-03-31,분기별 영업이익,39264371498,공시,https://dart.fss.or.kr/dsaf001/main.do?rcpNo=20240513000847,5
한화시스템,272210,2024Q1,2024-03-31,분기별 당기순이익(지배),51805059316,공시,https://dart.fss.or.kr/dsaf001/main.do?rcpNo=20240513000847,5
한화시스템,272210,2024Q1,2024-03-31,분기별 영업활동현금흐름,-103169887228,공시,https://dart.fss.or.kr/dsaf001/main.do?rcpNo=20240513000847,5
한화시스템,272210,2024Q1,2024-03-31,분기말 지배지분 자본,2151948181671,공시,https://dart.fss.or.kr/dsaf001/main.do?rcpNo=20240513000847,5
한화시스템,272210,2024Q1,2024-03-29,분기말 종가,17170,API,https://apis.data.go.kr/1160100/GetStockSecuritiesInfoService_V2/getStockPriceInfo_V2?basDt=20240329&likeSrtnCd=272210 (serviceKey 제외),5
한화시스템,272210,2024Q1,2024-03-29,분기말 상장주식수,188919389,API,https://apis.data.go.kr/1160100/GetStockSecuritiesInfoService_V2/getStockPriceInfo_V2?basDt=20240329&likeSrtnCd=272210 (serviceKey 제외),5
한화시스템,272210,2024Q1,2024-03-29,분기말 시가총액,3243745909130,API,https://apis.data.go.kr/1160100/GetStockSecuritiesInfoService_V2/getStockPriceInfo_V2?basDt=20240329&likeSrtnCd=272210 (serviceKey 제외),5
한화시스템,272210,2024Q2,2024-06-30,분기말 자산총계,5011232580452,공시,https://dart.fss.or.kr/dsaf001/main.do?rcpNo=20240813001589,5
한화시스템,272210,2024Q2,2024-06-30,분기말 부채총계,2813007413977,공시,https://dart.fss.or.kr/dsaf001/main.do?rcpNo=20240813001589,5
한화시스템,272210,2024Q2,2024-06-30,분기말 총자본(자기자본),2198225166475,공시,https://dart.fss.or.kr/dsaf001/main.do?rcpNo=20240813001589,5
한화시스템,272210,2024Q2,2024-06-30,분기별 매출액,687318651559,공시,https://dart.fss.or.kr/dsaf001/main.do?rcpNo=20240813001589,5
한화시스템,272210,2024Q2,2024-06-30,분기별 영업이익,79837290118,공시,https://dart.fss.or.kr/dsaf001/main.do?rcpNo=20240813001589,5
한화시스템,272210,2024Q2,2024-06-30,분기별 당기순이익(지배),28297235532,공시,https://dart.fss.or.kr/dsaf001/main.do?rcpNo=20240813001589,5
한화시스템,272210,2024Q2,2024-06-30,분기별 영업활동현금흐름,55403048970,계산(누적차감),https://dart.fss.or.kr/dsaf001/main.do?rcpNo=20240813001589 ; https://dart.fss.or.kr/dsaf001/main.do?rcpNo=20240513000847,5
한화시스템,272210,2024Q2,2024-06-30,분기말 지배지분 자본,2183606232326,공시,https://dart.fss.or.kr/dsaf001/main.do?rcpNo=20240813001589,5
한화시스템,272210,2024Q2,2024-06-28,분기말 종가,18860,API,https://apis.data.go.kr/1160100/GetStockSecuritiesInfoService_V2/getStockPriceInfo_V2?basDt=20240628&likeSrtnCd=272210 (serviceKey 제외),5
한화시스템,272210,2024Q2,2024-06-28,분기말 상장주식수,188919389,API,https://apis.data.go.kr/1160100/GetStockSecuritiesInfoService_V2/getStockPriceInfo_V2?basDt=20240628&likeSrtnCd=272210 (serviceKey 제외),5
한화시스템,272210,2024Q2,2024-06-28,분기말 시가총액,3563019676540,API,https://apis.data.go.kr/1160100/GetStockSecuritiesInfoService_V2/getStockPriceInfo_V2?basDt=20240628&likeSrtnCd=272210 (serviceKey 제외),5
한화시스템,272210,2024Q3,2024-09-30,분기말 자산총계,5060406887131,공시,https://dart.fss.or.kr/dsaf001/main.do?rcpNo=20241113000365,5
한화시스템,272210,2024Q3,2024-09-30,분기말 부채총계,2864563625830,공시,https://dart.fss.or.kr/dsaf001/main.do?rcpNo=20241113000365,5
한화시스템,272210,2024Q3,2024-09-30,분기말 총자본(자기자본),2195843261301,공시,https://dart.fss.or.kr/dsaf001/main.do?rcpNo=20241113000365,5
한화시스템,272210,2024Q3,2024-09-30,분기별 매출액,639172022980,공시,https://dart.fss.or.kr/dsaf001/main.do?rcpNo=20241113000365,5
한화시스템,272210,2024Q3,2024-09-30,분기별 영업이익,56998701226,공시,https://dart.fss.or.kr/dsaf001/main.do?rcpNo=20241113000365,5
한화시스템,272210,2024Q3,2024-09-30,분기별 당기순이익(지배),9402185834,공시,https://dart.fss.or.kr/dsaf001/main.do?rcpNo=20241113000365,5
한화시스템,272210,2024Q3,2024-09-30,분기별 영업활동현금흐름,26043620092,계산(누적차감),https://dart.fss.or.kr/dsaf001/main.do?rcpNo=20241113000365 ; https://dart.fss.or.kr/dsaf001/main.do?rcpNo=20240813001589,5
한화시스템,272210,2024Q3,2024-09-30,분기말 지배지분 자본,2182511936617,공시,https://dart.fss.or.kr/dsaf001/main.do?rcpNo=20241113000365,5
한화시스템,272210,2024Q3,2024-09-30,분기말 종가,17880,API,https://apis.data.go.kr/1160100/GetStockSecuritiesInfoService_V2/getStockPriceInfo_V2?basDt=20240930&likeSrtnCd=272210 (serviceKey 제외),5
한화시스템,272210,2024Q3,2024-09-30,분기말 상장주식수,188919389,API,https://apis.data.go.kr/1160100/GetStockSecuritiesInfoService_V2/getStockPriceInfo_V2?basDt=20240930&likeSrtnCd=272210 (serviceKey 제외),5
한화시스템,272210,2024Q3,2024-09-30,분기말 시가총액,3377878675320,API,https://apis.data.go.kr/1160100/GetStockSecuritiesInfoService_V2/getStockPriceInfo_V2?basDt=20240930&likeSrtnCd=272210 (serviceKey 제외),5
한화시스템,272210,2024Q4,2024-12-31,분기말 자산총계,5810354385245,공시(재작성 반영),https://dart.fss.or.kr/dsaf001/main.do?rcpNo=20250314001773 ; 재작성 출처: https://dart.fss.or.kr/dsaf001/main.do?rcpNo=20260513000644,5
한화시스템,272210,2024Q4,2024-12-31,분기말 부채총계,3354557609056,공시(재작성 반영),https://dart.fss.or.kr/dsaf001/main.do?rcpNo=20250314001773 ; 재작성 출처: https://dart.fss.or.kr/dsaf001/main.do?rcpNo=20260513000644,5
한화시스템,272210,2024Q4,2024-12-31,분기말 총자본(자기자본),2455796776189,공시(재작성 반영),https://dart.fss.or.kr/dsaf001/main.do?rcpNo=20250314001773 ; 재작성 출처: https://dart.fss.or.kr/dsaf001/main.do?rcpNo=20260513000644,5
한화시스템,272210,2024Q4,2024-12-31,분기별 매출액,932831627060,계산(연간-3분기누적),https://dart.fss.or.kr/dsaf001/main.do?rcpNo=20250314001773 ; https://dart.fss.or.kr/dsaf001/main.do?rcpNo=20241113000365,5
한화시스템,272210,2024Q4,2024-12-31,분기별 영업이익,43244934840,계산(연간-3분기누적),https://dart.fss.or.kr/dsaf001/main.do?rcpNo=20250314001773 ; https://dart.fss.or.kr/dsaf001/main.do?rcpNo=20241113000365,5
한화시스템,272210,2024Q4,2024-12-31,분기별 당기순이익(지배),364795576011,계산(연간-3분기누적),https://dart.fss.or.kr/dsaf001/main.do?rcpNo=20250314001773 ; https://dart.fss.or.kr/dsaf001/main.do?rcpNo=20241113000365,5
한화시스템,272210,2024Q4,2024-12-31,분기별 영업활동현금흐름,154346912024,계산(누적차감),https://dart.fss.or.kr/dsaf001/main.do?rcpNo=20250314001773 ; https://dart.fss.or.kr/dsaf001/main.do?rcpNo=20241113000365,5
한화시스템,272210,2024Q4,2024-12-31,분기말 지배지분 자본,2490054967099,공시,https://dart.fss.or.kr/dsaf001/main.do?rcpNo=20250314001773,5
한화시스템,272210,2024Q4,2024-12-30,분기말 종가,22600,API,https://apis.data.go.kr/1160100/GetStockSecuritiesInfoService_V2/getStockPriceInfo_V2?basDt=20241230&likeSrtnCd=272210 (serviceKey 제외),5
한화시스템,272210,2024Q4,2024-12-30,분기말 상장주식수,188919389,API,https://apis.data.go.kr/1160100/GetStockSecuritiesInfoService_V2/getStockPriceInfo_V2?basDt=20241230&likeSrtnCd=272210 (serviceKey 제외),5
한화시스템,272210,2024Q4,2024-12-30,분기말 시가총액,4269578191400,API,https://apis.data.go.kr/1160100/GetStockSecuritiesInfoService_V2/getStockPriceInfo_V2?basDt=20241230&likeSrtnCd=272210 (serviceKey 제외),5
한화시스템,272210,2025Q1,2025-03-31,분기말 자산총계,7212612803463,공시,https://dart.fss.or.kr/dsaf001/main.do?rcpNo=20250513000394,5
한화시스템,272210,2025Q1,2025-03-31,분기말 부채총계,3799544705473,공시,https://dart.fss.or.kr/dsaf001/main.do?rcpNo=20250513000394,5
한화시스템,272210,2025Q1,2025-03-31,분기말 총자본(자기자본),3413068097990,공시,https://dart.fss.or.kr/dsaf001/main.do?rcpNo=20250513000394,5
한화시스템,272210,2025Q1,2025-03-31,분기별 매출액,690100705524,공시,https://dart.fss.or.kr/dsaf001/main.do?rcpNo=20250513000394,5
한화시스템,272210,2025Q1,2025-03-31,분기별 영업이익,58164352303,공시,https://dart.fss.or.kr/dsaf001/main.do?rcpNo=20250513000394,5
한화시스템,272210,2025Q1,2025-03-31,분기별 당기순이익(지배),37834899054,공시,https://dart.fss.or.kr/dsaf001/main.do?rcpNo=20250513000394,5
한화시스템,272210,2025Q1,2025-03-31,분기별 영업활동현금흐름,-15776087285,공시,https://dart.fss.or.kr/dsaf001/main.do?rcpNo=20250513000394,5
한화시스템,272210,2025Q1,2025-03-31,분기말 지배지분 자본,3357851750573,공시,https://dart.fss.or.kr/dsaf001/main.do?rcpNo=20250513000394,5
한화시스템,272210,2025Q1,2025-03-31,분기말 종가,32100,API,https://apis.data.go.kr/1160100/GetStockSecuritiesInfoService_V2/getStockPriceInfo_V2?basDt=20250331&likeSrtnCd=272210 (serviceKey 제외),5
한화시스템,272210,2025Q1,2025-03-31,분기말 상장주식수,188919389,API,https://apis.data.go.kr/1160100/GetStockSecuritiesInfoService_V2/getStockPriceInfo_V2?basDt=20250331&likeSrtnCd=272210 (serviceKey 제외),5
한화시스템,272210,2025Q1,2025-03-31,분기말 시가총액,6064312386900,API,https://apis.data.go.kr/1160100/GetStockSecuritiesInfoService_V2/getStockPriceInfo_V2?basDt=20250331&likeSrtnCd=272210 (serviceKey 제외),5
한화시스템,272210,2025Q2,2025-06-30,분기말 자산총계,8042860647450,공시,https://dart.fss.or.kr/dsaf001/main.do?rcpNo=20250814002266,5
한화시스템,272210,2025Q2,2025-06-30,분기말 부채총계,4237090730131,공시,https://dart.fss.or.kr/dsaf001/main.do?rcpNo=20250814002266,5
한화시스템,272210,2025Q2,2025-06-30,분기말 총자본(자기자본),3805769917319,공시,https://dart.fss.or.kr/dsaf001/main.do?rcpNo=20250814002266,5
한화시스템,272210,2025Q2,2025-06-30,분기별 매출액,768190548880,공시,https://dart.fss.or.kr/dsaf001/main.do?rcpNo=20250814002266,5
한화시스템,272210,2025Q2,2025-06-30,분기별 영업이익,33451471776,공시,https://dart.fss.or.kr/dsaf001/main.do?rcpNo=20250814002266,5
한화시스템,272210,2025Q2,2025-06-30,분기별 당기순이익(지배),40905503583,공시,https://dart.fss.or.kr/dsaf001/main.do?rcpNo=20250814002266,5
한화시스템,272210,2025Q2,2025-06-30,분기별 영업활동현금흐름,41368901454,계산(누적차감),https://dart.fss.or.kr/dsaf001/main.do?rcpNo=20250814002266 ; https://dart.fss.or.kr/dsaf001/main.do?rcpNo=20250513000394,5
한화시스템,272210,2025Q2,2025-06-30,분기말 지배지분 자본,3721430331476,공시,https://dart.fss.or.kr/dsaf001/main.do?rcpNo=20250814002266,5
한화시스템,272210,2025Q2,2025-06-30,분기말 종가,58000,API,https://apis.data.go.kr/1160100/GetStockSecuritiesInfoService_V2/getStockPriceInfo_V2?basDt=20250630&likeSrtnCd=272210 (serviceKey 제외),5
한화시스템,272210,2025Q2,2025-06-30,분기말 상장주식수,188919389,API,https://apis.data.go.kr/1160100/GetStockSecuritiesInfoService_V2/getStockPriceInfo_V2?basDt=20250630&likeSrtnCd=272210 (serviceKey 제외),5
한화시스템,272210,2025Q2,2025-06-30,분기말 시가총액,10957324562000,API,https://apis.data.go.kr/1160100/GetStockSecuritiesInfoService_V2/getStockPriceInfo_V2?basDt=20250630&likeSrtnCd=272210 (serviceKey 제외),5
한화시스템,272210,2025Q3,2025-09-30,분기말 자산총계,9572070983309,공시,https://dart.fss.or.kr/dsaf001/main.do?rcpNo=20251113000344,5
한화시스템,272210,2025Q3,2025-09-30,분기말 부채총계,4712304324334,공시,https://dart.fss.or.kr/dsaf001/main.do?rcpNo=20251113000344,5
한화시스템,272210,2025Q3,2025-09-30,분기말 총자본(자기자본),4859766658974,공시,https://dart.fss.or.kr/dsaf001/main.do?rcpNo=20251113000344,5
한화시스템,272210,2025Q3,2025-09-30,분기별 매출액,807736584417,공시,https://dart.fss.or.kr/dsaf001/main.do?rcpNo=20251113000344,5
한화시스템,272210,2025Q3,2025-09-30,분기별 영업이익,22520994537,공시,https://dart.fss.or.kr/dsaf001/main.do?rcpNo=20251113000344,5
한화시스템,272210,2025Q3,2025-09-30,분기별 당기순이익(지배),151677306093,공시,https://dart.fss.or.kr/dsaf001/main.do?rcpNo=20251113000344,5
한화시스템,272210,2025Q3,2025-09-30,분기별 영업활동현금흐름,-212740287420,계산(누적차감),https://dart.fss.or.kr/dsaf001/main.do?rcpNo=20251113000344 ; https://dart.fss.or.kr/dsaf001/main.do?rcpNo=20250814002266,5
한화시스템,272210,2025Q3,2025-09-30,분기말 지배지분 자본,4755342226865,공시,https://dart.fss.or.kr/dsaf001/main.do?rcpNo=20251113000344,5
한화시스템,272210,2025Q3,2025-09-30,분기말 종가,59500,API,https://apis.data.go.kr/1160100/GetStockSecuritiesInfoService_V2/getStockPriceInfo_V2?basDt=20250930&likeSrtnCd=272210 (serviceKey 제외),5
한화시스템,272210,2025Q3,2025-09-30,분기말 상장주식수,188919389,API,https://apis.data.go.kr/1160100/GetStockSecuritiesInfoService_V2/getStockPriceInfo_V2?basDt=20250930&likeSrtnCd=272210 (serviceKey 제외),5
한화시스템,272210,2025Q3,2025-09-30,분기말 시가총액,11240703645500,API,https://apis.data.go.kr/1160100/GetStockSecuritiesInfoService_V2/getStockPriceInfo_V2?basDt=20250930&likeSrtnCd=272210 (serviceKey 제외),5
한화시스템,272210,2025Q4,2025-12-31,분기말 자산총계,10327265554498,공시,https://dart.fss.or.kr/dsaf001/main.do?rcpNo=20260513000644,5
한화시스템,272210,2025Q4,2025-12-31,분기말 부채총계,5326266452919,공시,https://dart.fss.or.kr/dsaf001/main.do?rcpNo=20260513000644,5
한화시스템,272210,2025Q4,2025-12-31,분기말 총자본(자기자본),5000999101579,공시,https://dart.fss.or.kr/dsaf001/main.do?rcpNo=20260513000644,5
한화시스템,272210,2025Q4,2025-12-31,분기별 매출액,1398122729199,계산(연간-3분기누적),https://dart.fss.or.kr/dsaf001/main.do?rcpNo=20260513000644 ; https://dart.fss.or.kr/dsaf001/main.do?rcpNo=20251113000344,5
한화시스템,272210,2025Q4,2025-12-31,분기별 영업이익,5761906739,계산(연간-3분기누적),https://dart.fss.or.kr/dsaf001/main.do?rcpNo=20260513000644 ; https://dart.fss.or.kr/dsaf001/main.do?rcpNo=20251113000344,5
한화시스템,272210,2025Q4,2025-12-31,분기별 당기순이익(지배),11814061948,계산(연간-3분기누적),https://dart.fss.or.kr/dsaf001/main.do?rcpNo=20260513000644 ; https://dart.fss.or.kr/dsaf001/main.do?rcpNo=20251113000344,5
한화시스템,272210,2025Q4,2025-12-31,분기별 영업활동현금흐름,265884290022,계산(누적차감),https://dart.fss.or.kr/dsaf001/main.do?rcpNo=20260513000644 ; https://dart.fss.or.kr/dsaf001/main.do?rcpNo=20251113000344,5
한화시스템,272210,2025Q4,2025-12-31,분기말 지배지분 자본,4849228707428,공시,https://dart.fss.or.kr/dsaf001/main.do?rcpNo=20260513000644,5
한화시스템,272210,2025Q4,2025-12-30,분기말 종가,54400,API,https://apis.data.go.kr/1160100/GetStockSecuritiesInfoService_V2/getStockPriceInfo_V2?basDt=20251230&likeSrtnCd=272210 (serviceKey 제외),5
한화시스템,272210,2025Q4,2025-12-30,분기말 상장주식수,188919389,API,https://apis.data.go.kr/1160100/GetStockSecuritiesInfoService_V2/getStockPriceInfo_V2?basDt=20251230&likeSrtnCd=272210 (serviceKey 제외),5
한화시스템,272210,2025Q4,2025-12-30,분기말 시가총액,10277214761600,API,https://apis.data.go.kr/1160100/GetStockSecuritiesInfoService_V2/getStockPriceInfo_V2?basDt=20251230&likeSrtnCd=272210 (serviceKey 제외),5
한화시스템,272210,2026Q1,2026-03-31,분기말 자산총계,10820663576719,공시,https://dart.fss.or.kr/dsaf001/main.do?rcpNo=20260513000702,5
한화시스템,272210,2026Q1,2026-03-31,분기말 부채총계,5777873611597,공시,https://dart.fss.or.kr/dsaf001/main.do?rcpNo=20260513000702,5
한화시스템,272210,2026Q1,2026-03-31,분기말 총자본(자기자본),5042789965122,공시,https://dart.fss.or.kr/dsaf001/main.do?rcpNo=20260513000702,5
한화시스템,272210,2026Q1,2026-03-31,분기별 매출액,807099186689,공시,https://dart.fss.or.kr/dsaf001/main.do?rcpNo=20260513000702,5
한화시스템,272210,2026Q1,2026-03-31,분기별 영업이익,34284490078,공시,https://dart.fss.or.kr/dsaf001/main.do?rcpNo=20260513000702,5
한화시스템,272210,2026Q1,2026-03-31,분기별 당기순이익(지배),-54978686916,공시,https://dart.fss.or.kr/dsaf001/main.do?rcpNo=20260513000702,5
한화시스템,272210,2026Q1,2026-03-31,분기별 영업활동현금흐름,-61097372996,공시,https://dart.fss.or.kr/dsaf001/main.do?rcpNo=20260513000702,5
한화시스템,272210,2026Q1,2026-03-31,분기말 지배지분 자본,4943895622600,공시,https://dart.fss.or.kr/dsaf001/main.do?rcpNo=20260513000702,5
한화시스템,272210,2026Q1,2026-03-31,분기말 종가,114100,API,https://apis.data.go.kr/1160100/GetStockSecuritiesInfoService_V2/getStockPriceInfo_V2?basDt=20260331&likeSrtnCd=272210 (serviceKey 제외),5
한화시스템,272210,2026Q1,2026-03-31,분기말 상장주식수,188919389,API,https://apis.data.go.kr/1160100/GetStockSecuritiesInfoService_V2/getStockPriceInfo_V2?basDt=20260331&likeSrtnCd=272210 (serviceKey 제외),5
한화시스템,272210,2026Q1,2026-03-31,분기말 시가총액,21555702284900,API,https://apis.data.go.kr/1160100/GetStockSecuritiesInfoService_V2/getStockPriceInfo_V2?basDt=20260331&likeSrtnCd=272210 (serviceKey 제외),5
한화시스템,272210,2026Q2,2026-06-30,분기말 자산총계,11847324865195,공시,https://dart.fss.or.kr/dsaf001/main.do?rcpNo=20260820000123,5
한화시스템,272210,2026Q2,2026-06-30,분기말 부채총계,7275666173295,공시,https://dart.fss.or.kr/dsaf001/main.do?rcpNo=20260820000123,5
한화시스템,272210,2026Q2,2026-06-30,분기말 총자본(자기자본),4571658691900,공시,https://dart.fss.or.kr/dsaf001/main.do?rcpNo=20260820000123,5
한화시스템,272210,2026Q2,2026-06-30,분기별 매출액,1117551657968,공시,https://dart.fss.or.kr/dsaf001/main.do?rcpNo=20260820000123,5
한화시스템,272210,2026Q2,2026-06-30,분기별 영업이익,103651886040,공시,https://dart.fss.or.kr/dsaf001/main.do?rcpNo=20260820000123,5
한화시스템,272210,2026Q2,2026-06-30,분기별 당기순이익(지배),67081560876,공시,https://dart.fss.or.kr/dsaf001/main.do?rcpNo=20260820000123,5
한화시스템,272210,2026Q2,2026-06-30,분기별 영업활동현금흐름,152316424179,계산(누적차감),https://dart.fss.or.kr/dsaf001/main.do?rcpNo=20260820000123 ; https://dart.fss.or.kr/dsaf001/main.do?rcpNo=20260513000702,5
한화시스템,272210,2026Q2,2026-06-30,분기말 지배지분 자본,4492709697133,공시,https://dart.fss.or.kr/dsaf001/main.do?rcpNo=20260820000123,5
한화시스템,272210,2026Q2,2026-06-30,분기말 종가,73000,API,https://apis.data.go.kr/1160100/GetStockSecuritiesInfoService_V2/getStockPriceInfo_V2?basDt=20260630&likeSrtnCd=272210 (serviceKey 제외),5
한화시스템,272210,2026Q2,2026-06-30,분기말 상장주식수,188919389,API,https://apis.data.go.kr/1160100/GetStockSecuritiesInfoService_V2/getStockPriceInfo_V2?basDt=20260630&likeSrtnCd=272210 (serviceKey 제외),5
한화시스템,272210,2026Q2,2026-06-30,분기말 시가총액,13791115397000,API,https://apis.data.go.kr/1160100/GetStockSecuritiesInfoService_V2/getStockPriceInfo_V2?basDt=20260630&likeSrtnCd=272210 (serviceKey 제외),5
